0,"default",0,9,"Misc"
0,"none",,,
0,"2 x IDE and 1 x Floppy Cables",,,
0,"Enter Quote Number in Notes Field",,,
0,"Hard Disk Caddy (MB122-AKGF)",,,
0,"TBD",,,
1,"Quietize: low-noise components",,,
10,"eRacks Overstock System eP3: eRacks070901",10,19,"Overstock systems"
10,"eRacks Overstock System eK6: eRacks070905 ",,,
10,"eRacks Overstock Chassis only #104",,,
20,"Zalman ZM-MFC1 fan controller 4 speed & 2 toggle",20,29,"Coolers"
20,"Zalman ZM-MFC2 fan controller power & temp monitor",,,
21,"Performance CPU Cooler for Intel i7",,,
21,"Standard CPU Cooler for Intel i7",,,
21,"Permium CPU Cooler for Intel i7",,,
24,"Tape drive $TBD",24,,"Tape Drive"
50,"Slim GAMER Super-Multi DVD+-RW Dual Layer",50,59,"Laptop misc, accessories, optical drives"
50,"MINI Celeron/ Core 2 Duo motherboard 667/800/1066",,,
50,"THINKPAL laptop base system 14.1 WXGA LCD 5.84lbs",,,
50,"Slim SMALLFRY 8x Super-Multi DVD+-RW Dual Layer",,,
50,"MINI Slot-in Slim Super Multi ODD x 1 (DVD-RW)",,,
50,"Slim LAPSTUDIO Blu-ray Disc Drive w/ DVD Burning",,,
50,"GAMER laptop base system 17 WXGA TFT LCD 7.9 lbs",,,
50,"WORKHORSE laptop base system 15.4 WXGA 6.95lbs",,,
50,"Overclocking Service",,,
50,"SMALLFRY laptop base system 12.1 WXGA 4.2lbs",,,
50,"LAPSTUDIO base system 15.4 WSXGA 6.8lbs ",,,
50,"Bluetooth v2.0+EDR and Wireless 802.11a/g/n LAN",,,
51,"Extra Laptop AC Adapter",,,
51,"Laptop Car Adapter",,,
51,"Extra Laptop Battery",,,
52,"2 GB USB Drive",,,
52,"1 GB USB Drive",,,
53,"Belkin Security Lock ",,,
53,"Antec Cooler for laptops, USB cable 30in, 5V, 2W",,,
55,"Laptop Sleeve 13.3 inch SNS13 Black Neoprene zip",,,
55,"Classic Laptop Case 17 inch Black TNC17 Nylon",,,
55,"Canvas Messenger Bag Grey Tattoo SNM15",,,
55,"Lightweight Messenger Bag LNM15 ",,,
55,"Lightweight Backpack Grey/Black LNB15 ",,,
55,"Slim Laptop Case 17 inch Black VNC17 Nylon",,,
55,"Slim Case Black VNC15 3lbs 2oz ",,,
56,"Logitech Alto Notebook Stand w/Keyboard,  USB",,,
57,"Logitech VX Nano Cordless Mouse for Notebooks",,,
57,"Notebook Mouse",,,
58,"Wireless-G Broadband Router 4-port Speed Booster",,,
58,"Wireless RangePlus Router WRT100 4-port ",,,
60,"eRacks/CUMULUS Netbook 8.9in 1024x600 WSVGA WHITE",60,69,"Netbooks & accessories"
60,"Asus Eee PC 2G Surf 7inch 800MHz BLACK",,,
60,"eRacks/CUMULUS Netbook 8.9in 1024x600 WSVGA PINK",,,
60,"Linux (Asus)",,,
60,"Asus Eee PC 4G Surf 7inch 900MHz PEARL WHITE",,,
60,"eRacks/CUMULUS Netbook 8.9in 1024x600 WSVGA BLUE",,,
60,"1GB DDR2-533  ",,,
60,"Asus Eee PC 4G Surf 7inch 900MHz GALAXY BLACK",,,
60,"Asus Eee PC 2G Surf 7inch 800MHz GREEN",,,
60,"Asus Eee PC 2G Surf 7inch 800MHz PINK",,,
60,"Upgrade to 1.5GB DDR2-533 ",,,
60,"eRacks/STRATUS Netbook 10in 1024x600 WSVGA WHITE",,,
60,"Asus Eee PC 2G Surf 7inch 800MHz BLUE",,,
60,"eRacks/CUMULUS Netbook 8.9in 1024x600 WSVGA BLACK",,,
60,"Asus Eee PC 2G Surf 7inch 800MHz PEARLWHITE",,,
60,"Asus Eee PC 1000 40G 10in Atom Netbook Black",,,
61,"Upgrade to 2GB DDR2-667",,,
61,"1GB DDR2-667",,,
70,"LCD Flatpanel Display ",70,79,"LCDs and Notebooks"
75,"15.1"" 1400 x 1050 SXGA TFT LCD Notebook",,,
75,"12.1""  XGA TFT LCD SubNote",,,
79,"EXPRESS Green 12"" WXGA LCD Notebook ",,,
79,"EXPRESS Blue 12"" WXGA LCD Notebook ",,,
79,"EXPRESS Pink 12"" WXGA LCD Notebook",,,
80,"External USB 1.44MB Floppy Drive",80,88,"Notebook & Handheld accessories"
80,"Standard Cloth Carrying Case",,,
80,"15.0"" 1400x1050 SXGA+ TFT LCD Laptop",,,
80,"Notebook Extra 9 cell Li-Ion Battery",,,
80,"Notebook Extra AC Adapter",,,
80,"Targus Nylon Urban Laptop Slipcase",,,
80,"Targus Nylon Notepac Case",,,
80,"Targus Sport Deluxe Computer Backpack",,,
80,"Laptop Extra 9 cell Li-Ion Battery 14.8V/4800mAH",,,
80,"14.1"" 1024x768 XGA TFT LCD Laptop ",,,
80,"Laptop Extra AC Adapter",,,
80,"Targus Urban Messenger Bag",,,
80,"External USB 8x10x24 DVD/CD-RW Drive",,,
80,"External USB 8X DVD-ROM Drive",,,
80,"External USB 24x CD-ROM Drive",,,
80,"Targus Leather Notebook Case",,,
81,"External USB CD-ROM",,,
81,"External USB Blu Ray Drive",,,
81,"External USB DVDRW Drive",,,
81,"External USB DVD/CDRW Drive",,,
85,"Zaurus Thin Serial Cable",,,
85,"Zaurus Extra Docking Station",,,
85,"CF Digital Camera Card",,,
85,"SD Memory 128MB",,,
85,"SD Memory 512MB",,,
85,"ZaurusSL5600 Extra Lithium Ion Battery",,,
85,"Sharp Zaurus SL-5600 Handheld System",,,
85,"ZaurusSL5600 Extra AC Adaptor",,,
85,"SD Memory 256MB",,,
85,"CF In-Hand Laser Barcode Scanner",,,
85,"CF Netgear Wireless LAN Card",,,
89,"XPC chassis: 325(L) x 220(W) x 210(H) mm black",89,96,"Desktop & SFF Chasses & Accessories"
89,"XPC Intel Core2 Duo motherboard 533/800/1066MHz ",,,
90,"QBOX chassis: 8.2""x8""x11.75"" Black, 180W PS",,,
90,"QUBE chassis:  10.6in(H) x 7.9in(W) x 13.2in(D)",,,
90,"MEDIA chassis: BLACK/BROWN 16.7x3.8x16.9in  300W ",,,
90,"FOCUS chassis: Noiseless desktop ",,,
90,"QBOX chassis: 8.2""x8""x11.75"" Silver, 180W PS",,,
90,"DESQ-H chassis: Horizontal beige box",,,
90,"FRIDGE chassis: sound-deadening door, 500W PSU",,,
90,"MEDIA chassis: SILVER 16.7x3.8x16.9inch 300W ",,,
90,"BOOQ black chassis: 3.8""x 14.4""x 13"" ",,,
90,"TNN300 chassis: Noiseless desktop chassis",,,
90,"DESQ-T chassis: Tower beige box",,,
90,"OPTDESKTOP chassis: 23.4in Height ",,,
90,"QFX SILVER DOOR chassis: Alum Tower, 450W PSU",,,
90,"DESQ chassis: black tower",,,
90,"2U Chassis: RA261",,,
90,"FRIDGE chassis: Alum Tower Chassis w/ Door",,,
90,"TNN500 chassis: Truly noiseless high-end case ",,,
90,"24RHD: 5U chassis, 24SATA, 650W 2+1 Redundant PS",,,
90,"QFX BLACK DOOR chassis: Alum Tower, 450W PSU",,,
90,"16RHD: 4U chassis, redundant 450w power suppy",,,
90,"BOOQ silver chassis: 3.94"" x 16.94"" x 12.99"" ",,,
91,"MINI case 8.25in x 2.6in x 10.8in",,,
91,"Dual Mini ITX 1U 15.3"" depth chassis, dual 180W PS",,,
91,"LEAF case 2.36in x 9.06in x 8.07in",,,
91,"MINI black case  165(W)x50(H)x165(D) mm",,,
91,"USB host-to-host cable (w/CDCE driver in OpenBSD)",,,
91,"GBOX chassis: 9.5""x8.3""x12"" Silver, 220W PS",,,
92,"FRONT 1U 14in-depth chassis, 2 HD bays, 200W PS",,,
92,"TERMINAL SERVER case 400W 7.25 x 18 x 16.75in",,,
92,"CLIENT case 120W PS 8.25 x 2.6 x 10.8in",,,
95,"FLAGSHIP High-End Gamer chassis - RED light",,,
95,"eRacks/FLAGSHIP 700W Power supply",,,
95,"eRacks/FLAGSHIP 500W Power supply",,,
95,"FLAGSHIP High-End Gamer chassis - BLUE light",,,
97,"i7CORE 2U rackmount chassis 17in depth",97,109,"Rackmount and i& chasses"
97,"i7CORE 1U rackmount chassis 26.1in depth",,,
99,"OPT 3U Chassis 9RHD 460W RPS",,,
99,"i7DESK PREMIUM desktop chassis 650W PS",,,
99,"i7DESK PRO desktop chassis 550W PS",,,
99,"i7DESK STANDARD desktop chassis 450W PS",,,
99,"OPT2U Chassis 6RHD 460W RPS, SCSI",,,
99,"OPT 2U Chassis 6RHD 460W RPS SCSI",,,
99,"OPT Pedestal Chassis wheels 400W PS",,,
99,"OPT 1U Chassis 3SATA 350W PS",,,
99,"OPT 2U Chassis 6RHD 460W PS SCSI",,,
99,"OPT 2U Chassis 6RHD 460W RPS",,,
100,"i7SHORT 2U rackmount chassis 13.9in depth 450W PSU",,,
100,"9RHD 2U chassis External SCSI 300WPS",,,
100,"STUDIO Rackmount 3U 400W PS - Specify door color ",,,
100,"EFFECTS 2U Chassis 25in depth 500W PS",,,
100,"TWO chassis, hotswap redundant power supply, 250w",,,
100,"H202U Chassis 530W PS 22.75in depth",,,
101,"i7SHORT 2U rackmount chassis 13.9in depth 550W PSU",,,
102,"i7SHORT 3U rackmount chassis 17.5in depth 450W PSU",,,
103,"i7SHORT 3U rackmount chassis 17.5in depth 550W PSU",,,
110,"ONEU300, 1U chassis, 300W PS",,,
110,"DUCT; 1U chassis, 300W PS, designed for clusters",,,
110,"1uSWOOSH: 2 removable HDs ",,,
110,"GRID: 1U chassis, 250W PS, 21.25""D",,,
110,"COOL; 1U chassis, 350W PS, for dual CPUs",,,
110,"P4BOX 1U chassis, 300W PS",,,
110,"COOL 1U chassis SATA 300W PS",,,
110,"2U COOL chassis, 300W PS, for dual CPUs",,,
111,"BAY: 1U front panel chassis, 250WPS, 21.5""D ",,,
112,"LOCK: 1U lockable chassis, 300WPS 25.75""D",,,
113,"3SWOOSH chassis: 3 removable HDs",,,
113,"3SWOOSH-DATH 400W dual-AMD chassis w/3 rem HDs",,,
114,"STG: 1U chassis: 2 HDs",,,
115,"1uSWAP3 chassis: 2 removable plus 1 internal HDs",,,
115,"1U chassis for Dual-Mini-ITX dual 180W PS, rails",,,
116,"4HD: 1U  NAS chassis, 300W PS",,,
117,"SWAP: 1U chassis w/ 2 removable HDs",,,
118,"2AMD 1U chassis designed for dual Athlon CPU",,,
119,"ANTEC:  1u20ATX180 chassis",,,
119,"AAMP.IDE chassis",,,
119,"AAMP.SCSI chassis",,,
119,"Casetronic A123 1U chassis",,,
120,"1U eRacks/PREMIUM Chassis 4RHD 400W 20.25in Depth",,,
120,"2BAY 2U chassis 2 5.25"" bays",,,
120,"QUIET2 2U chassis 400W 26.5in depth",,,
120,"LOCK: 2U lockable rackmount chassis, 2HD Bays",,,
120,"1U eRacks/ZIMBRA Chassis 4RHD 400W 20.25in Depth",,,
120,"2uBAY: standard 2u case",,,
121,"ALUM2 2U chassis",,,
123,"2U 6RHD 20""depth chassis, 400W PS",,,
123,"2U-4SCA-RHS chassis: redundant hot swap PS",,,
123,"2U-4SCA chassis: 4 hot-swap HDs",,,
124,"4HD chassis: 2U-height, 450w AMD-rated PS",,,
124,"2HD chassis: 1U-height, 2HD Bays, not lockable.",,,
124,"2PCI-APP 1U chassis with 2 full-height PCI slots",,,
124,"4HD chassis: 2U, 4 internal HDs, 2 bays",,,
124,"4BAY: 2U-height, 4 x 5.25in bays",,,
124,"4RHD; 2U-height chassis w/ 4 removable hard drives",,,
126,"6RHD: 2U chassis w/ 6 removable HDs, 300W PS 26.5D",,,
126,"6RHD-RPS: 2U, 6 removable HDs,  redundant 500W PS",,,
126,"6HD chassis: 2U, 300w PS",,,
126,"6RHD-RPS: 2U, 6 removable HDs,  redundant 460W PS",,,
130,"THREE 3U chassis",,,
130,"R4HD 2U chassis, redundant PS",,,
132,"SLOTS 3u chassis, 6HD, 300w PS",,,
139,"SWOOSH9CD: 3U chassis with 9 drive bays and CD",,,
139,"SWOOSH9: 3U chassis, 9 drives, redundant 350W PS",,,
139,"SWOOSH3: 1U chassis SATA 300W PS",,,
139,"SWOOSH9: 3U chassis with 9 drive bays",,,
139,"SWOOSH9CD: 3U-height w/ 300w redundant PS",,,
140,"4u chassis: 4U",,,
140,"ALUM 4U chassis",,,
140,"4U 17.7"" chassis, front USB and PS/2 connectors",,,
140,"4u chassis, redundant power supply",,,
140,"QUADPREM 1U Chassis 4RHD 400W PS ",,,
140,"QUADOPT 4U Chassis 950W RPS",,,
140,"ALUM8 4u chassis: White",,,
140,"3U chassis, 6 hotswap SATA drives, 19"" depth",,,
144,"SHORT 1U chassis 16in depth 250W PS",,,
144,"SHORT4 4U chassis",,,
144,"STUBBY 1U chassis 8.75in depth  140WPS",,,
144,"SHORT 1U chassis 14in depth 250WPS",,,
150,"4U QUADXEON chassis 660W redundant PS",,,
151,"NAS1U 4RHD 400W PS 26"" depth",,,
152,"NAS2U 12RHD 460W PS 27"" depth",,,
152,"NAS3U 12RHD +CD 600W PS 26in depth ",,,
153,"NAS4U 16RHD 750W RPS 26in depth",,,
153,"NAS3U 16RHD 650W RPS 27in depth",,,
154,"NAS4U 24RHD 950W RPS 26.5""depth",,,
155,"NAS5U 24RHD 1350W RPS 25.6"" depth",,,
156,"NAS8U 40RHD 1300W RPS 27"" depth",,,
156,"NAS6U 32RHD 1600W RPS 26.2in depth",,,
157,"1U X4X4 chassis, Xeon 7300, 1000W PS",,,
157,"X4X4 QuadCore Intel Xeon 7200/7300 motherboard ",,,
157,"NAS3U 8RHD +CD 460W RPS 26in depth",,,
158,"NAS2U 8RHD 460W RPS 26in depth",,,
158,"1U TWINSERVE chassis, for dual systems, 900W PS",,,
158,"TWINSERVE dual X7DBT dualCPU Intel Xeon 5300/5100",,,
159,"SOLO chassis 2U 3RHD 500W PSU",,,
159,"SOLO chassis 2U 3RHD 500W Redundant PS",,,
159,"NAS9U 50RHD 1350W RPS 27.2in depth",,,
160,"NAS9U 50RHD 1600W RPS 27.2in depth",,,
160,"20BAY beige free-standing locakble chassis, 460W  ",,,
180,"ALUM8 4u chassis: Black",,,
190,"Standard 250W Power Supply",181,199,"Power Supplies"
190,"48 VDC Power Supply",,,
191,"Ultra Quiet 400W PS Single Fan standard connectors",,,
191,"Ultra Quiet 400W PS Single Fan w/SATA connectors",,,
200,"1 GB SDRAM (168 pin)",200,369,"Memory"
200,"2 GB SDRAM (168 pin)",,,
200,"2U NSERVE 3HD chassis 26in Depth 450W PSU ",,,
200,"512MB SDRAM (168 pin)",,,
201,"64MB Memory",,,
201,"2U NSERVE 3HD chassis 26in Depth 600W PSU ",,,
202,"128MB Memory",,,
202,"2U NSERVE 3HD chassis 26in Depth 800W RPS ",,,
203,"2U eRacks/SIXPACK chassis 27.1in depth 550W PSU",,,
203,"256MB Memory",,,
204,"512MB Memory",,,
204,"2U eRacks/SIXPACK chassis 27.1in depth 650W PSU",,,
205,"768MB Memory",,,
206,"1GB Memory",,,
207,"1.5GB Memory",,,
208,"2 GB Memory(2 x 1GB)",,,
210,"512MB DDR2 533MHz unbuffered",,,
211,"1GB DDR2 533MHz unbuffered ",,,
212,"2GB (2 x 1GB) DDR2 533MHz unbuffered",,,
220,"1GB PC3200 DDR ECC Reg Memory (1 x 1GB)",,,
221,"2GB PC3200 DDR ECC Reg Memory (2 x 1GB)",,,
222,"4GB PC3200 DDR ECC Reg Memory (4 x 1GB)",,,
230,"64MB ECC Memory",,,
231,"128MB ECC Memory",,,
232,"256MB ECC Memory",,,
233,"512MB ECC Memory",,,
234,"768MB ECC Memory",,,
235,"1GB ECC Memory",,,
237,"1.5GB ECC Memory",,,
238,"2GB ECC Memory",,,
239,"4GB ECC Memory",,,
239,"3GB ECC Memory",,,
240,"256MB ECC Registered Memory",,,
241,"512MB ECC Registered Memory",,,
242,"768MB ECC Registered Memory",,,
243,"1GB ECC Registered Memory",,,
244,"1.5GB ECC Registered Memory",,,
245,"2 GB ECC Registered Memory",,,
246,"2.5GB ECC Registered Memory",,,
247,"3GB ECC Registered Memory",,,
248,"4GB ECC Registered Memory",,,
249,"5GB ECC Registered Memory",,,
250,"6GB ECC Registered Memory",,,
251,"2 x 1GB DDR2 Memory",,,
251,"128MB DDR Memory",,,
251,"2 x 512MB DDR2 Memory",,,
253,"256MB DDR Memory",,,
254,"512MB DDR2 Memory",,,
255,"1GB DDR2 Memory",,,
256,"1.5GB DDR2 Memory",,,
257,"2GB DDR2 Memory",,,
258,"3GB DDR2 Memory (3 x 1GB)",,,
259,"4GB DDR2 Memory (2 x 2GB)",,,
259,"4GB DDR2 Memory (4 x 1GB)",,,
260,"256MB RDRAM Memory",,,
260,"8GB DDR2 Memory",,,
261,"512MB RDRAM Memory",,,
265,"1GB RDRAM Memory",,,
267,"1.5GB RDRAM Memory",,,
268,"2GB RDRAM Memory",,,
280,"256MB DDR ECC Registered Memory",,,
281,"512MB DDR ECC Registered Memory",,,
282,"768MB DDR ECC Registered Memory",,,
283,"1GB DDR ECC Registered Memory",,,
284,"1.5GB DDR ECC Registered Memory",,,
285,"2GB DDR ECC Reg Memory",,,
286,"2.5GB DDR ECC Registered Memory",,,
287,"3GB DDR ECC Registered Memory",,,
288,"4GB DDR ECC Reg Memory",,,
289,"8GB DDR ECC Reg Memory (4 x 2GB)",,,
289,"6GB DDR ECC Registered Memory",,,
289,"12GB DDR EEC Reg Memory (6 x 2GB)",,,
289,"8GB DDR ECC Reg Memory (8 x 1GB)",,,
289,"24GB DDR ECC Reg Memory (12 x 2GB)",,,
289,"16GB DDR ECC Reg Memory (8 x 2GB)",,,
289,"32GB DDR ECC Reg Memory (16 x 2GB)",,,
290,"256MB DDR ECC Memory ",,,
291,"512MB DDR ECC Memory",,,
292,"1GB DDR ECC Memory",,,
293,"1.5GB DDR ECC Memory",,,
294,"2GB DDR ECC Memory",,,
295,"3GB DDR ECC Memory",,,
296,"4GB DDR ECC Memory",,,
297,"768MB PC2100 DDR SODIMM",,,
297,"512MB DDR SODIMM 200",,,
297,"1GB DDR SODIMM 200",,,
297,"256MB DDR SODIMM 200",,,
297,"2GB (2x1GB) PC2100 DDR SODIMM",,,
298,"256MB PC133 SDR SODIMM",,,
298,"768MB PC133 SDR SODIMM",,,
298,"512MB PC133 SDR SODIMM",,,
299,"512MB DDR2 533 SODIMM",,,
299,"2GB DDR2 667 SODIMM",,,
299,"2GB DDR2 533 SODIMM",,,
299,"3GB (1x2GB + 1x1GB) DDR2 667 SODIMM",,,
299,"1GB DDR2 667 SODIMM",,,
299,"512MB DDR2 667 SODIMM",,,
299,"1GB DDR2 800 SODIMM",,,
299,"1GB DDR2 533 SODIMM",,,
299,"2GB DDR2 800 SODIMM",,,
299,"4GB (2x2GB) DDR2 667 SODIMM",,,
300,"512MB DDR2 533MHz ",,,
301,"1GB DDR2 533MHz ",,,
302,"4GB DDR2 533MHz (2 x 2GB)",,,
302,"2GB DDR2 533MHz (2 x 1GB)",,,
303,"512MB DDR2 533MHz ECC/REG",,,
304,"1GB DDR2 533MHz ECC/REG",,,
305,"2GB DDR2 533MHz ECC/REG",,,
306,"4GB DDR2 533MHz ECC/REG",,,
307,"8GB DDR2 533MHz ECC/REG",,,
308,"512MB DDR2 667MHz ",,,
309,"1GB DDR2 667MHz ",,,
310,"4GB DDR2 667MHz (2 x 2GB)",,,
310,"2GB DDR2 667MHz (2 x 1GB)",,,
311,"512MB DDR2 667MHz ECC/REG",,,
312,"1GB DDR2 667MHz ECC/REG",,,
313,"2GB DDR2 667MHz ECC/REG",,,
314,"4GB (2 x 2GB) DDR2 667MHz ECC/REG",,,
315,"8GB (2 x 4GB) DDR2 667MHz ECC/REG",,,
316,"16GB (4 x 4GB) DDR2 667MHz ECC/REG",,,
320,"512MB DDR2 800MHz ",,,
321,"1GB DDR2 800MHz ",,,
322,"2GB DDR2 800MHz (2 x 1GB)",,,
323,"4GB DDR2 800MHz (4 x 1GB)",,,
323,"4GB DDR2 800MHz (2 x 2GB)",,,
324,"8 GB DDR2 800MHz (4 x 2GB)",,,
325,"512MB DDR2 800MHz ECC/REG",,,
326,"1GB DDR2 800MHz ECC/REG ",,,
327,"2GB DDR2 800MHz ECC/REG (2 x 1GB)",,,
327,"2GB DDR2 800MHz ECC/REG (1 x 2GB)",,,
328,"4GB DDR2 800MHz ECC/REG (4 x 1GB)",,,
328,"4GB DDR2 800MHz ECC/REG (2 x 2GB)",,,
329,"8GB DDR2 800MHz ECC/REG (4 x 2GB)",,,
330,"16GB DDR2 800MHz ECC/REG (4 x 4GB)",,,
330,"1GB (2x512) DDR2 Dual Channel 800MHz ",,,
331,"2GB (2x1GB) DDR2 Dual Channel 800MHz",,,
331,"32GB DDR2 800MHz ECC/REG (4 x 8GB)",,,
332,"64GB DDR2 800MHz ECC/REG (8 x 8GB)",,,
332,"4GB (2x2GB) DDR2 Dual Channel 800MHz",,,
333,"8GB (4x2GB) DDR2 Dual Channel 800MHz",,,
340,"1GB DDR2 EEC FB-DIMM",,,
341,"2GB (1 x 2GB) DDR2 ECC FB-DIMM",,,
342,"4GB (2 x 2GB) DDR2 ECC FB-DIMM",,,
343,"8GB (4 x 2GB) DDR2 ECC FB-DIMM",,,
344,"16GB (8 x 2GB) DDR2 ECC FB-DIMM",,,
345,"32GB (16 x 2GB) DDR2 ECC FB-DIMM",,,
350,"1GB (2x512) DDR2 ECC/REG Dual Channel 667MHz",,,
351,"2GB (2x1GB) DDR2 ECC/REG Dual Channel 667MHz",,,
352,"4GB (2x2GB) DDR2 ECC/REG Dual Channel 667MHz",,,
353,"8GB (2x4GB) DDR2 ECC/REG Dual Channel 667MHz",,,
354,"16GB (2x8GB) DDR2 ECC/REG Dual Channel 667MHz",,,
355,"32GB (2x16GB) DDR2 ECC/REG Dual Channel 667MHz",,,
382,"Slim WORKHORSE Notebook DVD ROM",370,400,"Slim Optical Drives and Laptop MiniPCI Accessories"
383,"Slim WORKHORSE Notebook DVDRW",,,
384,"Slim Laptop 12.7mm 1.4MB FDD",,,
384,"Slim Laptop SD / MS / MMC memory card reader",,,
384,"Slim THINKPAL Notebook DVD+-RW Dual Layer Drive",,,
385,"Slim Laptop CDRW",,,
385,"Slim Laptop DVDRW",,,
385,"Slim Laptop DVD",,,
385,"Slim Laptop CD-ROM",,,
385,"Slim Laptop DVD/CDRW Combo",,,
386,"Intel Pro Wireless 2200 BG Wi-Fi mini PCI",,,
386,"Slim Notebook DVD/CDRW",,,
386,"Centrino Laptop DVD/CDRW",,,
386,"Centrino Laptop CD-ROM",,,
386,"Slim Notebook CD-ROM",,,
386,"Intel chipset 802.11b miniPCI",,,
386,"Intel chipset 802.11b/g miniPCI ",,,
387,"PN18 802.11b/g Wireless LAN Module",,,
400,"Slim 8x DVD, 24x CD, DVD-ROM drive",,,
400,"Slim DVD ",,,
400,"Slimline CD ROM",,,
400,"1 GB 1333MHz DDR3",400,530,"Memory (DDR3), mixed with Optical & Tape Drives, 5.25 Accessories"
401,"CD ROM 52X",,,
401,"2 GB 1333MHz DDR3",,,
402,"4 GB 1333MHz DDR3",,,
403,"8 GB 1333MHz DDR3",,,
404,"DVD+/-RW for eRacks/TABLET",,,
404,"12 GB 1333MHz DDR3",,,
405,"24 GB 1333MHz DDR3 (6 x 4GB)",,,
405,"DVDRW",,,
407,"CDRW",,,
408,"Combo HighDensity/Blu-Ray DVD drive",,,
408,"HD DVD-ROM / DVD+/-RW Capacity 17/30/50 ",,,
409,"Lightscribe 6xBlu-Ray 3xHD DVD-ROM SATA Drive",,,
409,"DVDRW SATA",,,
410,"Slimline DVD / CDRW",,,
410,"Dual Layer DVD+R 8.5GB",,,
410,"Slimline DVDRW",,,
410,"BluRay Burner ",,,
410,"1 GB 1066MHz DDR3",,,
411,"2 GB 1066MHz DDR3",,,
412,"4 GB 1066MHz DDR3",,,
412,"DVDRW Dual Layer",,,
413,"Pioneer DVD-R/DVD-RW/CDRW",,,
413,"8 GB 1066MHz DDR3",,,
413,"Plextor DVD +/- RW 16x",,,
413,"Sony DVD +/- RW 16x",,,
414,"12 GB 1066MHz DDR3",,,
415,"Slim CD / floppy combo",,,
415,"24 GB 1066MHz DDR3 (6 x 4GB)",,,
416,"CD Writer Artec 52x24x52 IDE CD-RW 2MB Blk",,,
416,"CD Reader Artec Super56 CDROM IDE 128KB",,,
420,"1 GB 1800MHz DDR3",,,
420,"Tape Drive AIT-3 Sony  (2U chassis req)",,,
421,"2 GB 1800MHz DDR3",,,
421,"Tape Drive DDS-4 Sony Storage  (2U chassis req)",,,
422,"Tape Drive Quantum/Seagate DAT72  (2U chassis req)",,,
422,"4 GB 1800MHz DDR3",,,
423,"8 GB 1800MHz DDR3",,,
423,"Tape Drive HP Storageworks DAT72  (2U chassis req)",,,
424,"12 GB 1800MHz DDR3",,,
424,"Tape Drive IBM DAT72 SCSI Interface  (2U chassis)",,,
425,"Tape Drive DLT-V4 Quantum  (2U chassis req)",,,
425,"24 GB 1800MHz DDR3 ",,,
426,"Tape Drive HP LTO2 200/400GB ",,,
427,"Tape Drive HP LTO3 400/800GB ",,,
430,"Tapes - set of two, LTO3 400/800GB",,,
430,"Tapes - set of two, LTO2 200/400GB",,,
430,"1 GB DDR3-1600MHz ",,,
431,"2 GB DDR3-1600MHz",,,
432,"4 GB DDR3-1600MHz",,,
433,"8 GB DDR3-1600MHz",,,
434,"12 GB DDR3-1600MHz",,,
470,"Thermaltake Ibox storage compartment",,,
471,"Thermaltake X-Ray Beverage holder / Cig lighter",,,
500,"1 GB DDR3 ECC/REG 1066MHz",,,
501,"3.5"" 1.44 MB Floppy Drive",,,
501,"2 GB DDR3 ECC/REG 1066MHz",,,
502,"4 GB DDR3 ECC/REG 1066MHz",,,
502,"Slim 1.44MB Floppy Drive",,,
503,"8 GB DDR3 ECC/REG 1066MHz",,,
504,"ZIP Drive 250MB",,,
504,"12 GB DDR3 ECC/REG 1066MHz",,,
505,"Internal 7-in-1 Card Reader",,,
505,"24 GB DDR3 ECC/REG 1066MHz ",,,
505,"Internal 25-in-1 Card Reader (MS,CF, SD/MMC/SM)",,,
505,"Internal 5-in-1 Card Reader ",,,
506,"1 GB DDR3 ECC/REG 1333MHz",,,
506,"LS 120 Drive",,,
507,"2 GB DDR3 ECC/REG 1333MHz",,,
508,"4 GB DDR3 ECC/REG 1333MHz",,,
509,"8 GB DDR3 ECC/REG 1333MHz",,,
510,"IDE Flash Module 1GB",,,
510,"12 GB DDR3 ECC/REG 1333MHz",,,
511,"24 GB DDR3 ECC/REG 1333MHz",,,
511,"IDE Flash Module 2GB",,,
512,"IDE Flash Module 4GB",,,
513,"IDE Flash Module 8GB",,,
520,"Lian Li Thermal Monitor",,,
600,"integrated on motherboard",550,799,"NIC options, Network and Storage PCI cards"
601,"integrated Intel on motherboard",,,
610,"Single port 10/100 Network card",,,
610,"Quad Port Intel GbE Network card",,,
610,"Dual port Intel GbE Network card",,,
610,"Single port GBe Network card",,,
612,"Single Intel 10/100 Network card",,,
614,"4 port Network card 10/100/1000",,,
614,"4 port Network card 10/100 32-bit routerboard",,,
615,"LSI 1600 Enterprise 128MB 4 Channel RAID",,,
620,"Intel PILA-8460B",,,
630,"Adaptec 2005S U160 PCI SCSI RAID 64/66MHz 0-chan",,,
630,"Adaptec 1210SA SATA RAID 32/66MHz 2-port card",,,
630,"HighPoint RocketRAID 1720 2-Port RAID Controller",,,
630,"Adaptec 2810SA SATA RAID 8-port card Hot-swap",,,
630,"Adaptec 2000S U160 PCI SCSI RAID 64/66MHz 0-chan",,,
630,"Adaptec 2200S U320 PCI SCSI RAID card 2-channel",,,
630,"Adaptec 2010S U320 PCI SCSI RAID card 0-channel",,,
630,"Adaptec 1200A ATA RAID PCI 32/33 MHz 2-chan",,,
630,"Adaptec 2120S U320 PCI SCSI RAID card 1-channel",,,
631,"Adaptec 2410SA SATA RAID 64/66MHz 4-port RH/SuSE",,,
632,"Adaptec 2015S U320 PCI SCSI RAID 0-chanel",,,
633,"Adaptec 3410S U160 PCI SCSI RAID 64/66MHz 4-chan",,,
640,"External HD68 SCSI connector",,,
650,"Sangamo Single 514/ET1 PCI card",,,
650,"Sangamo Dual 514/ET1 PCI card",,,
650,"Ribbon-cable riser for AMD motherboard",,,
655,"Promise Fastrak 100 LP IDE RAID card",,,
656,"v.90 56K modem LP PCI card",,,
657,"Adaptec 2130SLP U320 PCI-X  SCSI card 1-channel",,,
658,"SMC realtek 10/100 NIC LP PCI card",,,
659,"Aopen 56K V.92 PCI Fax modem LP PCI card",,,
659,"Phobos P130/LP Single channel Ethernet Adapter",,,
659,"Phobos P230 PCI Dual Fast Ethernet Adapter",,,
659,"Phobos P430 PCI Quad Fast Ethernet Adapter",,,
660,"Promise IDE RAID card (2-port)",,,
661,"Promise IDE RAID card (4-port)",,,
700,"1000BaseSX (multimode fiber) NIC",,,
700,"OpenBSD-qualified 4-port 800Mbps Server card",,,
700,"1000BaseTX (RJ45) NIC dual-port",,,
700,"1000BaseLX (single mode fiber) NIC",,,
700,"1000BaseTX (RJ45) NIC",,,
700,"RJ45 (1000BaseTX) 32bit-PCI card",,,
700,"LSI 320-2 MegaRAID SCSI U320 card ",,,
700,"1000BaseSX (multimode fiber) NIC dual-port",,,
700,"1000BaseSX 64bit-PCI Server-card",,,
700,"1000BaseLX (single mode fiber) NIC dual-port",,,
700,"Adaptec ANA-62044 64bit Quad fast Ethernet ",,,
720,"Netgear 302T 1000BaseTX (RJ45)",,,
721,"Netgear 621 1000BaseSX (SC Fiber)",,,
722,"Netgear GA311 Network adapter - PCI 10/100/1000",,,
723,"Intel Pro/1000PT Single Port Server Adapter",,,
723,"Gigabit Fiber NIC",,,
723,"Intel Pro/1000PT Dual-port Server Adapter ",,,
723,"Intel Pro/1000PT Quad Port Server Adapter ",,,
723,"Intel Pro/1000F Single-port Fiber Server Adapter",,,
723,"Intel Dual Port Gigabit Ethernet card",,,
723,"Intel Pro/1000MF Dual-port Fiber Server Adapter",,,
799,"Wireless a/b/g PCI card",,,
800,"Remote management card",800,899,"PCI Cards"
800,"PCI Serial card",,,
800,"Disk-on-Module 96MB",,,
800,"Dual Athlon 1.2GHz",,,
800,"PCI Parallel card",,,
800,"802.11a/b dual band PCMCIA Wireless NIC",,,
800,"Disk-on-Module 64MB",,,
800,"Firewire card ($TBD)",,,
800,"FDDI interface ($TBD)",,,
800,"802.11b PCMCIA Wireless NIC ",,,
800,"Disk-on-Module 32MB",,,
800,"Adaptec 2230SLP U320 PCI-X SCSI RAID card 2-chan",,,
800,"56K v.90 PCMCIA hardware fax modem",,,
800,"Disk-on-Module 128MB",,,
801,"WinModem",,,
801,"WinModem / Prism2.5 Wireless 802.11b",,,
805,"eSATA PCI card for external storage, 4-port",,,
805,"eSATA PCI card for external storage, 2-port",,,
900,"OpenBSD 4.5",900,999,"Operating System"
901,"OpenBSD 4.5 + pfw",,,
902,"OpenBSD 4.4",,,
902,"OpenBSD/amd64",,,
905,"PCLinuxOS",,,
906,"Puppy Linux 4.2",,,
910,"FreeBSD 4.9",,,
910,"Fedora Linux 7 ",,,
911,"FreeBSD legacy 6.4",,,
912,"FreeBSD production 7.2",,,
913,"FreeBSD/amd64",,,
914,"NetBSD/amd64",,,
915,"Gentoo Linux ",,,
920,"NetBSD 5.0",,,
920,"NetBSD 4.0",,,
930,"Mini OpenBSD-based firewall",,,
931,"LRP-based firewall",,,
932,"Linux for Alpha",,,
932,"Freespire 2.0",,,
932,"Linspire 5.0 (formerly Lindows)",,,
932,"SimplyMEPIS Linux 6.0",,,
939,"Ubuntu Linux 9.04 Server Edition",,,
940,"Ubuntu Linux 8.04 LTS Desktop Edition",,,
941,"Ubuntu Linux 8.04 LTS Server Edition",,,
942,"Ubuntu Linux 8.10 Desktop Edition",,,
943,"Ubuntu Linux 9.04 Desktop Edition",,,
944,"Ubuntu-eee installation",,,
945,"Mandrake Powerpack (7 CDs, Manual, email support)",,,
945,"Mandriva Linux 2009 Spring",,,
946,"Mandrake Linux beta ""Cooker""",,,
947,"Lycoris (Redmond) Linux",,,
948,"ELX Linux",,,
948,"icepack Linux",,,
949,"Linux 7.3 (redhat.com download edition)",,,
949,"Linux 8.0 (redhat.com download edition)",,,
949,"Red Hat&reg; Linux 8.0 Boxed Set (limited quanti",,,
949,"Linux Mint 6",,,
950,"Linux 9  (redhat.com download edition)",,,
950,"Red Hat&reg; Linux Enterprise ES",,,
950,"Fedora Linux 11 ",,,
950,"CentOS Linux 5",,,
950,"Zonbu OS",,,
951,"Red Hat&reg; Linux 9 Boxed Set (limited quantiti",,,
951,"Fedora Linux 10",,,
951,"Novell SUSE Linux Enterprise Desktop 11",,,
952,"Red Hat&reg; Linux Enterprise Workstation",,,
952,"Fedora Core 2 x86_64 ",,,
953,"Red Hat&reg; Linux Advanced Server AMD64 (as ava",,,
955,"Novell SUSE Linux Enterprise Server 11 ",,,
955,"SuSE Linux Enterprise Server 8 for AMD64",,,
955,"Customer-provided custom Linux OS + software",,,
955,"SuSE Linux AMD64 (download edition)",,,
955,"Mandrake Linux Corporate Server 2.1 for AMD64",,,
955,"OpenSUSE 11.1  (or specify version)",,,
960,"Turbo Linux",,,
965,"Debian Linux - development (sid)",,,
965,"Debian Linux - testing (squeeze)",,,
965,"Debian / Slackware",,,
966,"Debian Linux - stable v5.0 (lenny)",,,
967,"Xandros Standard",,,
967,"Xandros Deluxe",,,
970,"No OS - (tested with Ubuntu)",,,
970,"No OS - Windows - Ready",,,
980,"MS Windows 98",,,
981,"MS Windows NT4.0",,,
982,"MS Windows NT4.0 Server w/5 client",,,
983,"MS Windows 2003 Server",,,
983,"MS Windows 2000 Prof",,,
984,"MS Windows 2000 Server 5-CAL only",,,
985,"Include MS Windows XP Driver CD ",,,
985,"MS Windows XP Professional",,,
985,"MS Windows 2000 Server w/5 client",,,
985,"MS Windows XP Standard",,,
999,"Dual Boot operating system (specify in NOTES)",,,
1000,"Keyboard and Mouse",1000,1004,"Keyboard & Mouse"
1000,"Logitech 3 Button PS/2 Mouse",,,
1000,"Black Keyboard with standard mouse",,,
1000,"Logitech Optical Mouse with scroll wheel",,,
1000,"KeyTronic Keyboard standard PS/2",,,
1000,"NXZT Avatar gaming mouse 2600 dpi",,,
1000,"NXZT gaming mouse & Logitech wireless keyboard",,,
1005,"Monitor LCD 19in 1440 x 900, 2000:1",1005,1009,"Flatpanel Monitors (LCD, TFT, OLED, etc)"
1005,"Monitor 17in TFT Flatpanel (1280x1024, 75Hz)",,,
1005,"Monitor LCD 17in 1280 x 1024, 1000:1",,,
1005,"Monitor LCD 21.1in 1920 x 1080, 12000:1",,,
1005,"Monitor LCD 17in 1400 x 900, 500:1",,,
1005,"Monitor LCD 20in 1680 x 1050, 2500:1",,,
1005,"Monitor 15in TFT Flatpanel (1024x768, 75Hz)",,,
1005,"Monitor LCD 24in 1920 x 1200, 10000:1",,,
1005,"Monitor LCD 22in 1680 x 1050, 2500:1",,,
1010,"LCDKBD 1U 15""",1010,1099,"Rackmount Monitors, KVMs, Cables, and Accessories"
1010,"LCDKBD 1U 21",,,
1010,"LCDKBD 1U 51",,,
1010,"8 sets of 10 foot KVM cables",,,
1010,"KVM switch, rackmountable  (no monitor, keyboard)",,,
1010,"LCDKBD 1U 50",,,
1010,"LCDKBD 1U 50 KVM",,,
1010,"LCDKBD 1U 15in LCD",,,
1010,"LCDKBD-T-KVM 1U 15in LCD Touchpad, 8 KVM",,,
1010,"8 sets of 6 foot KVM cables",,,
1011,"10.4in LCD Panel 4U Rackmount ",,,
1011,"15in LCD Panel 6U Rackmount",,,
1011,"10.4in LCD Panel 4U Rackmount w/ speakers",,,
1011,"10.4in LCD Panel 4U Rackmount S-video input",,,
1011,"10.4in LCD Panel 4U Rackmount S-video speakers",,,
1012,"15in LCD Panel 6U Rackmount S-Video input",,,
1012,"15in LCD Panel 6U Rackmount S-Video DVI inputs",,,
1100,"Economy Knockdown 20U Rack, 19x24x35in, black",1100,1199,"Rack Cabinets and Accessories"
1101,"Economy Knockdown 24U Rack, 19x24x42in, black",,,
1102,"Economy Knockdown 44U Rack, 19x24x77in, black",,,
1105,"Fixed shelf 18in depth, Unvented",,,
1106,"Fixed shelf 21in depth, Unvented",,,
1107,"Fixed shelf 18in depth, Vented",,,
1108,"Fixed shelf 21in depth, Vented",,,
1110,"Nylon caster set of 4; 400lb capacity",,,
1120,"Rack Door, solid, black, 35in high",,,
1121,"Rack Door, solid, black, 42in high",,,
1122,"Rack Door, solid, black, 77in high",,,
1123,"Rack Door, louvred, black, 35in high",,,
1124,"Rack Door, louvred, black, 42in high",,,
1125,"Rack Door, louvred, black, 77in high",,,
1126,"Rack Door, plexi, black, 35in high",,,
1127,"Rack Door, plexi, black, 42in high",,,
1128,"Rack Door, plexi, black, 77in high",,,
1130,"Retractable Keyboard Shelf, 15in depth",,,
1140,"Vertical Power Strip 6 outlet, 24in, pilot, 6ft",,,
1141,"Vertical Power Strip 6 outlet, 24in, On/Off, 6ft",,,
1142,"Vertical Power Strip 6 outlet, 24in, pilot, 15ft",,,
1143,"Vertical Power Strip 6 outlet, 24in, On/Off, 15ft",,,
1145,"Vertical Power Strip 7 outlet, 42in, pilot, 6ft",,,
1145,"Vertical Power Strip 7 outlet, 42in, On/Off, 15ft",,,
1146,"Vertical Power Strip 7 outlet, 42in, On/Off, 6ft",,,
1147,"Vertical Power Strip 12 outlet, 77in, On/Off, 15ft",,,
1147,"Vertical Power Strip 12 outlet, 77in, pilot, 6ft",,,
1147,"Vertical Power Strip 12 outlet, 77in, On/Off, 6ft",,,
1147,"Vertical Power Strip 7 outlet, 42in, pilot, 15ft",,,
1147,"Vertical Power Strip 12 outlet, 77in, pilot, 15ft",,,
1150,"Lockable Rail Mounted Storage Drawer 3.5x19x16",,,
1150,"Rail kit, one pair 20"" (20-26"" depth)",,,
1151,"Rail kit, one pair 26"" (26-34"" depth)",,,
1160,"Sliding Rails for 1U chassis",,,
1160,"Sliding Rails, 20"", for 2U-4U chassis",,,
1160,"Sliding Rails, 26"", for 2U-4U chassis",,,
1160,"Sliding rails included",,,
1160,"Sliding Rails for 1U GRID chassis",,,
1161,"Center Mount Brackets for 1U chassis",,,
1161,"Rear Mount Brackets for 1U chassis",,,
1162,"Rear Mount Brackets for 2U-4U chassis",,,
1162,"Center Mount Brackets for 2U-4U chassis",,,
1175,"17in 15AMP/115VAC Power strip",,,
1175,"1U 30inD 19in Rackmount Shelf, Fixed ",,,
1175,"27U 35inD 19in Rackmount Cabinet  ",,,
1201,"AMD K6-2 366",1200,1899,"Motherboards, CPUs, Combos"
1202,"AMD K6/2 400",,,
1203,"AMD K6/2 450 ",,,
1204,"VIA EPIA Mini ITX C3 800MHz CPU motherboard",,,
1204,"Via C3 866MHz ",,,
1204,"Via C3 1.5 GHz",,,
1204,"VIA EPIA C7 1.5GHz  motherboard and CPU ",,,
1204,"Via ""Antaur"" 1GHz ",,,
1204,"Via C3 900MHz ",,,
1204,"Via C3 1.0 GHz ",,,
1204,"Via C3 800MHz ",,,
1205,"AMD Athlon XP 2400 1.933GHz",,,
1205,"AMD Athlon XP 3200 2.2GHz",,,
1205,"AMD Athlon XP 1800 1.53GHz",,,
1205,"AMD Athlon XP 3000 2.167GHz ",,,
1205,"AMD Athlon XP 2000 1.67GHz",,,
1205,"AMD Athlon XP 2600 2.13GHz",,,
1205,"AMD Athlon XP 1500 1.33GHz ",,,
1205,"AMD Athlon XP 2200 1.8GHz",,,
1205,"AMD Athlon XP 2800 2.08GHz",,,
1205,"AMD Athlon XP 1700 1.47GHz",,,
1205,"AMD Athlon XP 2700 2.17GHz ",,,
1209,"AMD Athlon 900",,,
1210,"AMD Duron 650 ",,,
1212,"AMD Duron 700 ",,,
1213,"AMD Duron 750",,,
1214,"AMD Duron 800",,,
1215,"AMD Duron 850",,,
1216,"AMD Duron 900",,,
1217,"AMD Duron 950",,,
1218,"AMD Duron 1GHz",,,
1219,"AMD Duron 1.1GHz",,,
1220,"AMD Duron 1.2GHz",,,
1221,"AMD Duron 1.3GHz",,,
1230,"Single AMD Athlon 800 ",,,
1231,"Dual AMD Athlon 800 ",,,
1236,"Intel Celeron 1.2GHz",,,
1239,"Intel Celeron D 3.2GHz 256K L2 533MHz  ",,,
1240,"Intel Celeron D 2.53GHz 256K L2 533MHz ",,,
1242,"Intel Celeron D 2.66GHz 256K L2 533MHz ",,,
1243,"Intel Celeron D 2.93GHz 256K L2 533MHz ",,,
1244,"Intel Celeron D 2.80GHz 256K L2 533MHz ",,,
1250,"Pentium III 600MHz, ServerWorks HE-SL",,,
1250,"Pentium III 1GHz, ServerWorks HE-SL",,,
1250,"Pentium III 733 CPU, ServerWorks HE-SL ",,,
1250,"Pentium III 933MHz, ServerWorks HE-SL",,,
1250,"Celeron 600A, ServerWorks HE-SL",,,
1250,"Celeron 700A, ServerWorks HE-SL",,,
1250,"Pentium III 866MHz, ServerWorks HE-SL",,,
1251,"Intel PIII 733",,,
1251,"Intel PIII 1.2GHz",,,
1251,"Intel PIII 933 ",,,
1251,"Intel PIII 866 ",,,
1251,"Intel PIII 1GHz",,,
1252,"Intel Pentium4 3.0GHz 533MHz 1MB L2",,,
1252,"Intel Pentium4 2.8GHz 800MHz 1MB L2",,,
1252,"Intel Pentium4 2.66GHz 533MHz 1MB L2",,,
1252,"Intel Pentium4 3.4GHz 533MHz 1MB L2",,,
1252,"Intel Pentium4 3.2GHz 533MHz 1MB L2",,,
1253,"Intel PIII 1.13GHz",,,
1254,"Single Intel PIII 600",,,
1254,"Single Intel PIII 933",,,
1254,"Single Intel PIII 866",,,
1254,"Single Intel PIII 1.2 GHz",,,
1254,"Single Intel PIII 733",,,
1254,"Single Intel PIII 1000",,,
1255,"Single Intel PIII 1.4 GHz 512KB",,,
1255,"Single Intel PIII 1.26 GHz 512KB",,,
1255,"Single Intel PIII 1.13 GHz 512KB",,,
1256,"Single Intel Celeron 900",,,
1256,"Single Intel Celeron 600",,,
1256,"Single Intel Celeron 700",,,
1260,"Dual Intel Celeron 700 ",,,
1260,"Dual Intel Celeron 600 ",,,
1260,"Dual Intel Celeron 900",,,
1262,"Dual Intel PIII 733 ",,,
1262,"Dual Intel PIII 1.2 GHz 512KB",,,
1262,"Dual Intel PIII 600 ",,,
1262,"Dual Intel PIII 866 ",,,
1262,"Dual Intel PIII 1000",,,
1265,"Dual Intel PIII 1.26 GHz 512KB",,,
1265,"Dual Intel PIII 933",,,
1265,"Dual Intel PIII 1.4 GHz 512KB",,,
1265,"Dual Intel PIII 1.13 GHz 512KB",,,
1271,"Single PIII 1GHz Xeon ",,,
1274,"Single P4 1.4GHz Xeon ",,,
1275,"Single P4 1.5GHz Xeon ",,,
1277,"Single P4 1.7GHx Xeon ",,,
1280,"Dual PIII 1GHz Xeon ",,,
1281,"Dual P4 1.4GHz Xeon ",,,
1282,"Dual P4 1.5GHz Xeon ",,,
1285,"Dual P4 1.7GHz Xeon ",,,
1290,"UP2000+ motherboard, dual 21264 833MHz",,,
1291,"Dual VIA-EPIA CL motherboards",,,
1299,"Tyan Thunder Dual Xeon i7501 S2720-533 SCSI",,,
1299,"Tyan DP Xeon SATA2/SAS PCI/PCI-X/PCI-e/PCI-eX  ",,,
1299,"Tyan Dual Xeon SCSI 3PCIX 2GbE motherboard",,,
1299,"Tyan Thunder Quad Xeon 4520 GC-HE SCSI",,,
1299,"Tyan P4 motherboard w/ HT-support, GigE ",,,
1299,"Tyan S2468 motherboard",,,
1299,"Quad Opteron motherboard, dual GigE, SATA",,,
1299,"Tyan Thunder Dual Xeon i7501 S2720-533 IDE",,,
1299,"F153 Pentium 4 motherboard",,,
1300,"Soyo SY-P41FD Motherboard",,,
1300,"Gigabyte GA-81RXP Motherboard",,,
1300,"eRacks AMD Sempron/Athlon Motherboard",,,
1300,"SuperMicro X5DAL-G dual Xeon 1GbE IDE",,,
1300,"SuperMicro X5DAL-TG2 dual Xeon 2GbE SATA ",,,
1300,"Tyan Thunder LE 2CPU 2NIC 2U160 ",,,
1300,"Tyan Thunder i7525 Dual Xeon EM64T 2PCI-X GbE ",,,
1300,"eRacks AM3/AM2+ DDR3 Motherboard",,,
1300,"eRacks 4DIMM 2NIC IDE/SATA Motherboard",,,
1300,"eRacks Pentium4 533/800 Motherboard",,,
1300,"Tyan Thunder K7X Dual AMD 760MP IDE",,,
1300,"Tyan Thunder K7 Dual AMD 760MP SCSI",,,
1300,"SuperMicro 360DLE Dual-CPU Motherboard ",,,
1300,"eRacks Pentium4 800 Motherboard i925x, PCIx, DDRII",,,
1300,"Tyan Thunder LE 2CPU 2NIC 2U160 SCSI",,,
1300,"Tyan Thunder K8S Dual Opteron Motherboard",,,
1300,"Dual Opteron 2000 Series 1000MHz IPMI motherboard ",,,
1300,"eRacks Pentium4 533/800 Motherboard",,,
1300,"Tyan Thunder LE_T 2CPU NIC 2PCI SCSI",,,
1300,"Tyan Thunder HEsl 2CPU 4DIMM 2U160 NIC 2PCI SCSI",,,
1300,"Tyan Tiger 230 Dual-CPU Motherboard plus PCI video",,,
1300,"Dual Opteron U320 6DIMM 4PCI SCSI Motherboard",,,
1300,"Tyan Tomcat S2425 Motherboard",,,
1300,"Tyan Tiger i7501R Dual Xeon 3PCIX 2GbE motherboard",,,
1300,"eRacks Dual-Core PentiumD Motherboard",,,
1300,"Via C3 motherboard",,,
1300,"Tyan Trinity GC-SL 2GbE 2PCI-X 3PCI P4533",,,
1300,"eRacks P4/Celeron Motherboard, integrated video",,,
1300,"eRacks CeleronD/PentiumD Motherboard",,,
1300,"Tyan Thunder HEsl-T 2CPU 6DIMM NIC, 3PCI",,,
1300,"SuperMicro S2DG2 Xeon 440GX motherboard",,,
1300,"Tyan Thunder Quad Series 8000 S4985-E motherboard",,,
1300,"eRacks/FRONT Pentium-M / Celeron-M motherboard",,,
1300,"eRacks Pentium4 533MHz FSB motherboard",,,
1300,"Tyan Thunder LE_T 2CPU NIC 2PCI",,,
1300,"Tyan Thunder K8S Dual Operon SCSI Motherboard",,,
1300,"Intel Pentium4 400/533/800FSB 865G chipset ",,,
1300,"Dual Opteron 2000 DDR2 SATA II Motherboard",,,
1300,"SuperMicro 370SSE 815E UDMA100 2LAN 4PCI ",,,
1300,"eRacks Pentium4 533-800MHz motherboard",,,
1300,"Intel STL2 Dual-CPU Dual-SCSI ServerBoard",,,
1300,"SuperMicro S2DGE Xeon 440GX motherboard",,,
1300,"eRacks Socket 775 FSB 800/1066 MHz Motherboard",,,
1300,"Tyan Thunder HEsl-T 2CPU 6DIMM NIC, 3PCI SCSI",,,
1300,"Tyan Thunder HEsl 2CPU 4DIMM 2U160 NIC 2PCI",,,
1300,"Tyan Dual K7 AMD 2NIC ",,,
1300,"Intel D845BG Motherboard",,,
1300,"MSI 645 ULTRA333 SiS",,,
1300,"SuperMicro 370SSR 815E UDMA100 SCSI 2LAN",,,
1300,"eRacks PC133 AMD Motherboard",,,
1300,"Tyan Tiger 200 Dual-CPU Motherboard",,,
1300,"Tyan Tiger AMD MPX Dual-CPU Motherboard",,,
1300,"SuperMicro S2DL3 Xeon ServerSet LE motherboard",,,
1300,"eRacks PC133 Intel Motherboard",,,
1300,"Tyan Tomcat i7210 Pentium4 2GbE 2PCI-X 3PCI ",,,
1300,"Tyan Thunder K7 Dual AMD 760MP IDE",,,
1301,"eRacks 775 FSB1333 Intel 3210 Motherboard",,,
1301,"eRacks Socket 775 Core2 Duo 1333FSB motherboard",,,
1301,"Tyan Thunder i7525 Dual Xeon 800FSB GbE Firewire",,,
1301,"Single Mini ITX LV-667 1GHz Via C3 motherboard",,,
1301,"Dual Mini ITX LV-667 1GHz Via C3 motherboards",,,
1301,"Tyan Tiger i7320 Dual Xeon EM64T PCiX 2GbE ",,,
1302,"AMD64 motherboard NVIDIA GeForce6 GPU",,,
1302,"eRacks Dual/Quad Core Xeon motherboard",,,
1302,"eRacks Intel Core 2 Duo Motherboard",,,
1302,"Intel Core2 Quad BLKDG33FBC DDR2-800 motherboard",,,
1303,"eRacks Athlon64 X2 motherboard AM2 SATA/IDE ",,,
1303,"Intel Core2 Quad Extreme S975XBX DDR2-800 no-video",,,
1304,"eRacks Athon64 FX/X2 motherboard AM2 SATA2/SATA",,,
1304,"eRacks Phenom X4/X2 motherboard GeForce 7050/ DDR2",,,
1304,"eRacks Socket AM3/AM2 motherboard FSB 2600 MHz",,,
1304,"eRacks Athlon64 X2 motherboard AM2 SATA 4DIMM",,,
1305,"Intel Mini-ITX 1.6GHz Atom230 CPU and motherboard",,,
1305,"eRacks Quad-Core Xeon 5300 motherboard",,,
1305,"Intel Mini-ITX 1.6GHz DualCore Atom330 motherboard",,,
1306,"eRacks socket775 Core 2 Quad / Core 2 Duo 1333FSB ",,,
1307,"eRacks socket775 Core 2 Quad / Core 2 Duo 1066FSB",,,
1308,"SuperMicro X7DVA-E Dual LGA771 Xeon/ Intel 5000V",,,
1308,"eRacks P5K3Deluxe Core 2 Quad DDR3-1333 -no video ",,,
1309,"eRacks Core 2 Duo Intel G965 DDR2 SATA2 1333/1066",,,
1310,"SuperMicro X7DBE+ Dual LGA771 Xeon motherboard",,,
1310,"Intel Little Falls Mini-ITX motherboard ",,,
1379,"AMD Phenom Quad core 9750 2.4GHz 4000MHz AM2+ CPU",,,
1379,"AMD Phenom Quad core 9150 1.8GHz AM2+ CPU",,,
1379,"AMD Phenom Quad core 9650 2.3GHz 3600MHz AM2+ CPU",,,
1380,"AMD Athlon64 CPU Model 3500+, 2200Mhz, 512KB ",,,
1381,"AMD Athlon64 CPU Model 3800+, 2400Mhz, 512KB ",,,
1382,"AMD Phenom Quad core 9650 2.3GHz 4000 AM2+ CPU",,,
1382,"Intel Pentium Core 2 Duo M 1.66GHz L2 2MB 667FSB",,,
1382,"Intel Pentium Core 2 Duo M 1.5GHz L2 2MB 667FSB",,,
1383,"Intel Pentium Core 2 Duo M 1.83GHz L2 2MB 667FSB",,,
1383,"AMD Phenom Quad core 9850 2.5GHz 4000 AM2+ CPU",,,
1384,"Intel Pentium Core 2 Duo M 2.0GHz L2 4MB 667FSB",,,
1384,"AMD Phenom Quad core 9950 2.6GHz 4000 AM2+ CPU",,,
1385,"Intel Pentium Core 2 Duo M 2.16GHz L2 4MB 667FSB",,,
1385,"AMD Phenom Triple core 8450 2.1GHz 3600 AM2+ CPU",,,
1386,"AMD Phenom Triple core 8650 2.3GHz 3600 AM2+ CPU",,,
1386,"Intel Pentium Core 2 Duo M 2.33GHz L2 4MB 667FSB",,,
1387,"Intel Pentium Core 2 Duo M 2.0GHz L2 4MB 800FSB",,,
1387,"Intel Pentium Core 2 Duo M 2.2GHz L2 4MB 800FSB ",,,
1388,"Intel Celeron-M CPU 1.40GHz / 400 MHz FSB",,,
1388,"Intel Celeron-M CPU 1.50GHz / 400 MHz FSB",,,
1389,"Intel Celeron-M CPU 1.60GHz / 400MHz FSB",,,
1389,"Intel Celeron-M CPU 1.73GHz / 533MHz FSB",,,
1389,"Intel Pentium-M CPU 1.73GHz/533 MHz FSB",,,
1389,"Intel Pentium-M CPU 2.13 GHz/533 MHz FSB",,,
1389,"Intel Pentium-M CPU 1.86 GHz/533 MHz FSB",,,
1390,"Intel Pentium4-M 2.2GHz 400MHz L2 512KB CPU",,,
1390,"Intel Pentium4-M 1.8GHz 400MHz L2 512KB CPU",,,
1390,"Intel Celeron-M CPU 1.86GHz ",,,
1390,"Intel Pentium4-M 2.4GHz 400MHz L2 512KB CPU ",,,
1390,"Intel Pentium4-M 1.9GHz 400MHz L2 512KB CPU",,,
1390,"Intel Pentium4-M 2.0GHz 400MHz L2 512KB CPU",,,
1391,"Intel Centrino Pentium-M 1.5GHz CPU",,,
1391,"Intel Centrino Pentium-M 1.7GHz CPU",,,
1391,"Intel Centrino Pentium-M 1.6GHz CPU",,,
1392,"AMD Phenom II AM3 Triple Core 710 2.6GHz CPU",,,
1392,"Intel Pentium DualCore E2180 2.0GHz 800MHz CPU ",,,
1393,"AMD Phenom II AM3 Triple Core 720 2.8GHz CPU",,,
1394,"Intel Pentium DualCore E2200 2.2GHz 800MHz CPU",,,
1394,"AMD Phenom II AM3 Quad Core 920 2.8GHz CPU",,,
1395,"AMD Phenom II AM3 Quad Core 940 3.0GHz CPU",,,
1396,"Intel Pentium DualCore E5200 2.5GHz 800MHz CPU",,,
1399,"Intel Pentium D DualCore 3.0GHz 800MHz CPU 2x2MB",,,
1399,"Intel Pentium D DualCore 3.4GHz 800MHz CPU 2x2MB",,,
1400,"X8DA3 Xeon Quad/Dual-Core 5520 Chipset motherboard",,,
1400,"AMD Sempron LE-1250 2.2GHz 1600MHz CPU",,,
1400,"AMD Sempron 3300+ 2000MHz CPU 754 pin",,,
1400,"2 x Six-Core / Quad-Core Opteron Motherboard",,,
1400,"AMD Sempron LE-1150 2.0GHz 1600MHz CPU",,,
1400,"AMD Sempron 3500+ 2000MHz CPU 754pin",,,
1400,"Intel Xeon Quad Core E5504 Nehelam 2.0GHz CPU",,,
1400,"AMD Sempron 3600+ 2000MHz CPU 754pin",,,
1400,"AMD Sempron 3400+ 2000MHz CPU 754 pin",,,
1400,"AMD Sempron LE-1200 2.1GHz 1600MHz CPU ",,,
1401,"Intel Xeon Quad Core E5506 Nehalem 2.13GHz CPU",,,
1402,"Intel Xeon Quad Core E5520 Nehalem 2.26GHz CPU",,,
1403,"Intel Xeon Quad Core E5530 Nehalem 2.4GHz CPU",,,
1404,"Intel Xeon Quad Core X5560 Nehelam 2.8GHz CPU",,,
1405,"Intel Xeon Quad Core E5540 Nehelam 2.53GHz CPU",,,
1406,"Intel Xeon Quad Core X5550 Nehelam 2.66GHz CPU",,,
1407,"Intel Xeon Quad Core W5580 Nehelam 3.2GHz CPU",,,
1410,"AMD Athlon 850 CPU",,,
1411,"AMD Athlon 900 CPU",,,
1412,"AMD Athlon 950 CPU",,,
1413,"AMD Athlon 1GHz CPU",,,
1414,"AMD Athlon 1.1GHz CPU",,,
1415,"AMD Athlon 1.2GHz CPU",,,
1416,"AMD Athlon 1.33GHz CPU",,,
1417,"AMD Athlon 1.4GHz CPU ",,,
1418,"AMD Athlon XP 1500 1.33GHz CPU",,,
1419,"AMD Athlon XP 1600 1.4GHz CPU",,,
1420,"AMD Athlon XP 1700 1.47GHz CPU",,,
1421,"AMD Athlon XP 1800 1.53GHz CPU",,,
1422,"AMD Athlon XP 1900 1.60GHz CPU",,,
1423,"AMD Athlon XP 2000 1.67GHz CPU as avail",,,
1424,"AMD Athlon XP 2100 1.73GHz CPU as avail",,,
1425,"AMD Athlon XP 2200 1.8Ghz CPU as avail",,,
1426,"AMD Athlon XP 2400 1.933GHz CPU as avail",,,
1427,"AMD Athlon XP 2600 2.13GHz CPU",,,
1428,"AMD Athlon XP 2800 2.08GHz CPU",,,
1428,"AMD Athlon XP 2700 2.17GHz CPU",,,
1429,"AMD Athlon XP 3000 2.167GHz CPU as avail",,,
1430,"AMD Athlon XP 3200 2.2GHz CPU",,,
1432,"Single Athlon MP 1.0GHz CPU",,,
1433,"Single Athlon MP 1.2GHz CPU",,,
1434,"Single Athlon MP 1500 1.33GHz CPU",,,
1435,"Single Athlon MP 1600 1.4GHz CPU",,,
1436,"Single Athlon MP 1800 1.53GHz CPU",,,
1437,"Single Athlon MP 1900 1.60GHz CPU",,,
1438,"Single Athlon MP 2000 1.67GHz CPU",,,
1439,"Single Athlon MP 2400 CPU",,,
1439,"Single Athlon MP 2800 CPU",,,
1439,"Single Athlon MP 2200 1.8GHz CPU",,,
1439,"Single Athlon MP 2600 CPU",,,
1440,"Dual Athlon MP 1.0GHz CPU",,,
1441,"Dual Athlon MP 1.2GHz CPU",,,
1442,"Dual Athlon MP 1500 1.33GHz CPU",,,
1443,"Dual Athlon MP 1600 1.4GHz CPU",,,
1444,"Dual Athlon MP 1800 1.53GHz CPU",,,
1445,"Dual Athlon MP 1900 1.60GHz CPU",,,
1446,"Dual Athlon MP 2000 1.67GHz CPU",,,
1447,"Dual Athlon MP 2200 1.8GHz CPU",,,
1448,"Dual Athlon MP 2400 CPU",,,
1449,"Dual Athlon MP 2600 CPU",,,
1450,"Dual Athlon MP 2800 CPUs",,,
1450,"Intel Celeron 1.8GHz CPU",,,
1451,"Intel Celeron 1.7GHz CPU",,,
1452,"Intel Celeron 2.26GHz 256K L2  533MHz CPU ",,,
1452,"Dual Intel Celeron 900 CPUs",,,
1452,"Intel Celeron 1.2GHz CPU",,,
1452,"Intel Celeron 1.6GHz CPU",,,
1453,"Intel Pentium3 600MHz CPU",,,
1454,"Intel Pentium3 733MHz  CPU",,,
1455,"Intel Pentium3 866MHz CPU",,,
1456,"Intel Pentium3 933MHz CPU",,,
1458,"Intel Pentium3 1GHz CPU",,,
1459,"Intel Pentium3 1.13GHz CPU",,,
1460,"Intel Pentium3 1.2GHz CPU",,,
1461,"Intel Pentium3 1.26GHz CPU",,,
1462,"Intel Pentium3 1.4GHz CPU",,,
1464,"Dual Intel P3 733MHz CPU",,,
1465,"Dual Intel P3 866MHz CPU",,,
1466,"Dual Intel P3 933MHz CPU",,,
1467,"Dual Intel P3 1GHz CPU",,,
1468,"Dual Intel P3 1.13GHz CPU",,,
1469,"Dual Intel P3 1.2GHz CPU",,,
1470,"Dual Intel P3 1.26GHz CPU",,,
1471,"Dual Intel P3 1.4GHz CPU",,,
1473,"Intel Pentium4 1.4GHz CPU",,,
1473,"Intel Pentium4 1.5GHz CPU",,,
1473,"Intel Pentium4 1.3GHz CPU",,,
1475,"Intel Pentium4 1.8GHz CPU",,,
1476,"Intel Pentium4 2.0GHz CPU",,,
1477,"Intel Pentium4 2.66GHz CPU 533MHz ",,,
1478,"Intel Pentium4 2.53GHz CPU 533MHz",,,
1480,"Intel Pentium4 3.2GHz CPU 533MHz",,,
1481,"Intel Pentium4 2.8GHz CPU 533MHz 512K L2",,,
1481,"Intel Pentium4 3.0GHz CPU 533MHz 1MB L2 ",,,
1482,"Intel Pentium4 3.8GHz CPU 800MHz 1MB L2",,,
1482,"Intel Pentium4 3.2GHz CPU 800MHz 1MB L2 ",,,
1482,"Intel Pentium4 3.0GHz CPU 800MHz 1MB L2 ",,,
1482,"Intel Pentium4 3.4GHz CPU 800MHz 1MB L2 ",,,
1482,"4 x Intel Xeon MP 2.0GHz, 1MB 400fsb",,,
1482,"Intel Pentium4 2.8GHz CPU 800MHz 1MB L2 ",,,
1482,"Intel Pentium4 3.6GHz CPU 800MHz 1MB L2",,,
1483,"4 x Intel Xeon MP 2.5GHz, 1MB 400fsb",,,
1483,"2 x Intel Xeon MP 2.5GHz, 1MB 400fsb",,,
1483,"1 x Intel Xeon MP 2.0GHz, 1MB 400fsb",,,
1483,"2 x Intel Xeon MP 2.0GHz, 1MB 400fsb",,,
1483,"1 x Intel Xeon MP 2.5GHz, 1MB 400fsb",,,
1484,"1 x Intel Xeon MP 2.8GHz, 2MB 400fsb",,,
1484,"2 x Intel Xeon MP 2.8GHz, 2MB 400fsb",,,
1484,"4 x Intel Xeon MP 2.8GHz, 2MB 400fsb",,,
1485,"1 x Intel Xeon DP 3.20GHz CPU 533",,,
1485,"1 x Intel Xeon DP 2.4GHz CPU 533",,,
1485,"1 x Intel Xeon DP 2.0GHz CPU 533",,,
1485,"1 x Intel Xeon DP 3.06GHz CPU 533",,,
1485,"1 x Intel Xeon DP 2.80GHz CPU 533",,,
1485,"1 x Intel Xeon DP 2.66GHz CPU 533",,,
1490,"2 x Intel Xeon DP 1.80GHz CPUs 533",,,
1491,"2 x Intel Xeon DP 2.0GHz CPUs 533",,,
1492,"2 x Intel Xeon DP 2.20GHz CPUs 533",,,
1493,"2 x Intel Xeon DP 2.40GHz CPUs 533 L2512",,,
1494,"2 x Intel Xeon DP 2.66GHz CPUs 533 L2512",,,
1494,"2 x Intel Xeon DP 2.60GHz CPUs 533",,,
1496,"2 x Intel Xeon DP 3.20GHz CPUs 533",,,
1496,"2 x Intel Xeon DP 3.06GHz CPUs 533 L2512",,,
1496,"2 x Intel Xeon DP 3.06GHz CPUs L3 1MB",,,
1496,"2 x Intel Xeon DP 2.80GHz CPUs 533",,,
1496,"2 x Intel Xeon DP 3.0GHz CPUs 533",,,
1497,"Quad Intel Xeon 2.40GHz MP CPUs 400",,,
1497,"Quad Intel Xeon 2.60GHz MP CPUs 400",,,
1497,"Quad Intel Xeon 2.0GHz MP CPUs 400",,,
1497,"Quad Intel Xeon 2.20GHz MP CPUs 400",,,
1498,"Dual Xeon 3.4GHz DP CPUs 800",,,
1498,"Dual Xeon 3.2GHz DP CPUs 800",,,
1498,"Dual Xeon 2.8GHz DP CPUs 800",,,
1500,"1 x AMD Opteron 2212 2.0GHz CPU",,,
1501,"2 x AMD Opteron 2212 2.0GHz CPUs",,,
1502,"1 x AMD Opteron 2214 2.2GHz CPU",,,
1503,"2 x AMD Opteron  2214 2.2GHz 2MB CPUs",,,
1504,"1 x AMD Opteron 2216 2.4GHz CPU",,,
1505,"2 x AMD Opteron 2216 2.4GHz CPUs",,,
1506,"1 x AMD Opteron 2218 2.6GHz CPU",,,
1507,"2 x AMD Opteron 2218 2.6GHz CPUs",,,
1508,"Dual AMD Opteron 246 2.0GHz CPUs",,,
1509,"Dual AMD Opteron 244 1.8GHz CPUs",,,
1510,"Quad AMD Opteron 840 1.4GHz CPUs",,,
1511,"Quad AMD Opteron 842 1.6GHz CPUs",,,
1512,"Quad AMD Opteron 844 1.8GHz CPUs",,,
1513,"Quad AMD Opteron 846 2GHz CPUs",,,
1514,"Quad AMD Opteron 848 2.2GHz CPUs",,,
1515,"Quad AMD Opteron 850 2.4GHz CPUs",,,
1516,"Quad AMD Opteron 852 2.6GHz CPUs",,,
1520,"Dual VIA C3 1GHz CPUs (for 2 motherboards)",,,
1521,"Core 2 Quad Intel G45 FSB 1600 HDMI motherboard",,,
1521,"Core 2 Extreme IntelP45 1200 motherboard no video",,,
1522,"Extreme Core i7 Intel X58 DDR3 CrossFireX ",,,
1522,"Core i7 Intel X58 DDR3 CrossFireX motherboard",,,
1539,"1 x Opteron Dual-Core 2212 2.0GHz 2MB CPU",,,
1540,"2 x Opteron Dual-Core 2212 2.0GHz 2MB CPUs",,,
1541,"1 x Opteron Dual-Core 2214 2.2GHz 2MB CPU",,,
1542,"2 x Opteron Dual-Core 2214 2.2GHz 2MB CPUs",,,
1543,"1 x Opteron Dual-Core 2216 2.4GHz 2MB CPU",,,
1544,"2 x Opteron Dual-Core 2216 2.4GHz 2MB CPUs",,,
1545,"1 x Opteron Dual-Core 2218 2.6GHz 2MB CPU",,,
1546,"2 x Opteron Dual-Core 2218 2.6GHz 2MB CPUs",,,
1547,"1 x Opteron Dual-Core 2220 2.8GHz 2MB CPU",,,
1548,"2 x Opteron Dual-Core 2220 2.8GHz 2MB CPUs",,,
1549,"1 x Opteron Dual-Core 2222 3.0GHz 2MB CPU",,,
1550,"2 x Opteron Dual-Core 2222 3.0GHz 2MB CPUs",,,
1552,"2 x Opteron Quad-core 2350 2.0GHz 4MB CPUs",,,
1554,"2 x Opteron Quad-core 2347 1.9GHz 4MB CPUs",,,
1556,"2 x Opteron Quad-core 2354 2.2GHz 4MB CPUs",,,
1558,"2 x Opteron Quad-core 2376 2.3GHz 4x512 CPUs",,,
1560,"2 x Opteron Quad-core 2384 2.7GHz 2MB CPUs",,,
1562,"2 x Opteron Quad-core 2346 1.8GHz 2MB CPUs",,,
1610,"Intel Celeron Dual-core 326 2.53GHz 533MHz CPU",,,
1611,"Intel Celeron D 2.66GHz 256K L2 533MHz CPU",,,
1612,"Intel Celeron Dual-core 336 2.8GHz 533MHz CPU",,,
1613,"Intel Celeron Dual-core E1400 2.0GHz 800MHz CPU",,,
1614,"Intel Celeron Dual-core 346 3.06GHz 533MHz CPU",,,
1615,"Intel Celeron D 3.2GHz 256K L2 533MHz CPU",,,
1616,"Intel Celeron D 3.46GHz 256K L2 533MHz CPU",,,
1617,"Intel Celeron D 3.6GHz 256K L2 533MHz CPU",,,
1620,"1 x Intel Xeon Dual-Core 5110  1.6GHz 1066FSB CPU",,,
1621,"2 x Intel Xeon Dual-Core 5110  1.6GHz 1066FSB CPU",,,
1623,"1 x Intel Xeon Dual-Core 5120  1.86GHz 1066FSB CPU",,,
1624,"2 x Intel Xeon Dual-Core 5120  1.86GHz 1066FSB CPU",,,
1626,"1 x Intel Xeon Dual-Core 5130  2.0GHz 1333FSB CPU",,,
1627,"2 x Intel Xeon Dual-Core 5130  2.0GHz 1333FSB CPU",,,
1629,"1 x Intel Xeon Dual-Core E7220  2.93GHz 1066 CPU",,,
1630,"2 x Intel Xeon Dual-Core E7220  2.93GHz 1066 CPU",,,
1632,"1 x Intel Xeon Dual-Core 5150  2.66GHz 1333FSB CPU",,,
1633,"2 x Intel Xeon Dual-Core 5150  2.66GHz 1333FSB CPU",,,
1635,"1 x Intel Xeon Dual-Core 5160  3.0GHz 1333FSB CPU",,,
1636,"2 x Intel Xeon Dual-Core 5160  3.0GHz 1333FSB CPU",,,
1649,"1 x Intel Xeon Quad-Core E5405 2.0GHz 1333FSB CPU",,,
1650,"2 x Intel Xeon Quad-Core E5405 2.0GHz 1333FSB CPU",,,
1651,"4 x Intel Xeon Quad-Core E5405 2.0GHz 1333FSB CPU",,,
1652,"1 x Intel Xeon Quad-Core E5320 1.86GHz 1066FSB CPU",,,
1653,"2 x Intel Xeon Quad-Core E5320 1.86GHz 1066FSB CPU",,,
1653,"4 x Opteron Quad-core 8346HE 1.8GHz CPUs",,,
1654,"4 x Intel Xeon Quad-Core E5320 1.86GHz 1066FSB CPU",,,
1654,"4 x Opteron Quad-core 8347HE 1.9GHz CPUs",,,
1655,"4 x Opteron Quad-core 8354 2.2GHz CPUs",,,
1655,"1 x Intel Xeon Quad-Core E5335 2GHz 1333FSB CPU",,,
1656,"2 x Intel Xeon Quad-Core E5335 2GHz 1333FSB CPU",,,
1657,"4 x Intel Xeon Quad-Core E5335 2GHz 1333FSB CPU",,,
1657,"4 x Opteron Quad-core 8356 2.3GHz CPUs",,,
1658,"1 x Intel Xeon Quad-Core E5440 2.83GHz 1333FSB CPU",,,
1659,"4 x Opteron Quad-core 8382 2.6GHz CPUs",,,
1659,"2 x Intel Xeon Quad-Core E5440 2.83GHz 1333FSB CPU",,,
1660,"4 x Intel Xeon Quad-Core E5440 2.83GHz 1333FSB CPU",,,
1661,"4 x Opteron Quad-core 8384 2.7GHz CPUs",,,
1661,"1 x Intel Xeon Quad-Core E5355 2.66GHz 1333FSB CPU",,,
1662,"2 x Intel Xeon Quad-Core E5355 2.66GHz 1333FSB CPU",,,
1663,"4 x Intel Xeon Quad-Core E5355 2.66GHz 1333FSB CPU",,,
1664,"1 x Intel Xeon Quad-Core E5365 3.0GHz 1333FSB CPU",,,
1665,"2 x Intel Xeon Quad-Core E5365 3.0GHz 1333FSB CPU",,,
1666,"4 x Intel Xeon Quad-Core E5365 3.0GHz 1333FSB CPU",,,
1680,"4 x Intel Xeon 7300 4-core 1.60G 4M 1066FSB CPUs ",,,
1681,"4 x Intel Xeon 7300 4-core 2.13G 4M 1066FSB CPUs ",,,
1682,"4 x Intel Xeon 7300 4-core 2.4G 6M 1066FSB CPUs ",,,
1683,"4 x Intel Xeon 7300 4-core 2.4G 8M 1066FSB CPUs ",,,
1684,"4 x Intel Xeon 7300 4-core 2.93G 8M 1066FSB CPUs ",,,
1690,"Xeon 3040 Dual Core 1.86 GHx CPU",,,
1691,"Xeon 3050 Dual Core 2.13 GHz CPU ",,,
1692,"Xeon x3220 Quad Core 2.4 GHz CPU",,,
1693,"Xeon x3210 Quad Core 2.13 GHz CPU",,,
1694,"Intel Xeon Dual Core E3110 3.0 GHz 6MB 1333MHz CPU",,,
1696,"Intel Xeon Quad Core 3075 2.66GHz 12MB 1333MHz CPU",,,
1698,"Intel Xeon Quad Core X3360 2.83GHz 1333M 12MB CPU",,,
1700,"1 x Opteron Six-core 2427 2.2GHz CPU",,,
1700,"Intel i7 Quad-core 2.66GHz 4.8GT/s 8MB i7-920 CPU",,,
1700,"AMD Athlon64 X2 Dual-core 4200+ 2.2GHz 1MB CPU",,,
1700,"Intel Xeon Quad Core X3330 2.66GHz 1333MHz 6MB CPU",,,
1701,"1 x Opteron Six-core 2431 2.4GHz CPU",,,
1701,"Intel i7 Quad-core 2.93GHz 4.8GT/s 8MB i7-940 CPU",,,
1701,"Intel Xeon Dual Core E3110 3.0 GHz 6MB 1333MHz CPU",,,
1701,"AMD Athlon64 X2 Dual-core 4400+ 2.3GHz 1MB CPU",,,
1702,"AMD Athlon64 X2 Dual-core 4600+ 2.4GHz 1MB CPU",,,
1702,"Intel i7 Quad-core 3.06GHz 6.4GT/s 8MB i7-950 CPU",,,
1703,"AMD Athlon64 X2 Dual-core 4800+ 2.5GHz 1MB CPU",,,
1703,"Intel i7 Quad-core 3.2GHz 6.4GT/s 8MB i7-965 CPU",,,
1704,"Intel i7 Quad-core 3.33GHz 6.4GT/s 8MB i7-975 CPU",,,
1704,"AMD Athlon64 X2 Dual-core 5000+ 2.6GHz 1MB CPU",,,
1705,"AMD Athlon64 X2 Dual-core 5200+ 2.7GHz 1MB CPU",,,
1706,"AMD Athlon64 X2 Dual-core 5400+ 2.8GHz 1MB CPU",,,
1707,"AMD Athlon64 X2 Dual-core 5600+ 2.9GHz 1MB CPU",,,
1708,"AMD Athlon64 X2 Dual-core 6000+ 3.0GHz 1MB CPU",,,
1709,"AMD Athlon64 X2 Dual-core 6400+ 3.2GHz 2MB CPU",,,
1710,"AMD Athlon64 FX-74 DUAL-CORE 3.0GHZ CPU",,,
1710,"2 x Opteron Six-core 2427 2.2GHz CPUs",,,
1711,"2 x Opteron Six-core 2431 2.4GHz CPUs",,,
1760,"Intel Core 2 Duo Mobile T5270 1.4GHz 2 MB CPU",,,
1761,"Intel Core 2 Duo Mobile T5450 1.66GHz 2MB CPU",,,
1762,"Intel Core 2 Duo Mobile T5550 1.83GHz 2MB CPU",,,
1763,"Intel Core 2 Duo Mobile T5500 1.66GHz 2MB CPU",,,
1764,"Intel Core 2 Duo Mobile T7100 1.8GHz CPU",,,
1764,"Intel Core 2 Duo Mobile T5600 1.83GHz 2MB CPU",,,
1765,"Intel Core 2 Duo Mobile T7200 2GHz 4MB CPU",,,
1765,"Intel Core 2 Duo Mobile T8100 2.1GHz 3MB CPU",,,
1766,"Intel Core 2 Duo Mobile T7250 2GHz 2MB CPU",,,
1766,"Intel Core 2 Duo Mobile T8300 2.4GHz 3MB CPU",,,
1766,"Intel Core 2 Duo Mobile T7300 2.0GHz CPU",,,
1767,"Intel Core 2 Duo Mobile T9300 2.5GHz 6MB CPU",,,
1767,"Intel Core 2 Duo Mobile T7400 2.16GHz 4MB CPU",,,
1768,"Intel Core 2 Duo Mobile T9600 2.8GHz 6MB CPU",,,
1768,"Intel Core 2 Duo Mobile T7500 2.2GHz 4MB CPU",,,
1769,"Intel Core 2 Duo Mobile T7700 2.4GHz 4MB CPU",,,
1770,"Intel Core 2 Duo Mobile T8100 2.1GHz 3MB CPU",,,
1771,"Intel Core 2 Duo Mobile T8300 2.4GHz 3MB CPU",,,
1772,"Intel Core 2 Duo Mobile T9300 2.5GHz 6MB CPU",,,
1810,"Intel Core 2 Duo E4300 1.8GHx 800Mhz 2MB CPU",,,
1811,"Intel Core 2 Duo E4500 2.2GHz 800MHz 2MB CPU",,,
1813,"Intel Core 2 Duo E4600 2.4GHz 800MHz 2MB CPU",,,
1814,"Intel Core 2 Duo E5400 2.2GHz 800MHz 2MB CPU",,,
1814,"Intel Core 2 Duo E4700 2.66GHz 800MHz 2MB CPU",,,
1815,"Intel Core 2 Duo E6320 1.86GHz 1066MHz 2MB CPU",,,
1817,"Intel Core 2 Duo E6420 2.13GHz 1066MHz 4MB CPU",,,
1819,"Intel Core 2 Duo E6550 2.33GHz 1333MHz 4MB CPU",,,
1820,"Intel Core 2 Duo E6600 2.4GHz 1333MHz 4MB CPU",,,
1824,"Intel Core 2 Duo E6750 2.66GHz 1333MHz 4MB CPU",,,
1826,"Intel Core 2 Duo E8200 2.66GHz 1333MHz 6MB CPU",,,
1827,"Intel Core 2 Duo E8400 3.0GHz 1333MHz 6MB CPU",,,
1828,"Intel Core 2 Duo E8500 3.16GHz 1333MHz 6MB CPU",,,
1829,"Intel Core 2 Duo E8600 3.33GHz 1333MHz 6MB CPU",,,
1840,"Intel Core 2 Quad Q6600 2.4GHz 1066MHz 8MB CPU",,,
1841,"Intel Core 2 Quad Q6700 2.66GHz 1066MHz 8MB CPU",,,
1842,"Intel Core 2 Quad Q8200 2.33GHz 1333MHz 4MB CPU",,,
1844,"Intel Core 2 Quad Q9300 2.5GHz 1333MHz 6MB CPU",,,
1845,"Intel Core 2 Quad Q9400 2.66GHz 1333MHz 12MB CPU",,,
1849,"Intel Core 2 Quad Q9550 2.83GHz 1333MHz 12MB CPU",,,
1850,"Intel Core 2 Extreme Quad QX6700 2.66GHz 8MB CPU",,,
1851,"Intel Core 2 Quad Q9650 3GHz 1333MHz 12MB CPU ",,,
1852,"Intel Core 2 Extreme Quad QX9650 3.0GHz 12MB CPU",,,
1872,"Intel Core 2 Quad Extreme QX9650 3GHz 12MB CPU",,,
1874,"Intel Core 2 Extreme Quad QX9770 3.2GHz 12MB CPU",,,
1875,"Intel Core 2 Quad Extreme QX9775 3.2GHz 12MB CPU",,,
1900,"MGC SIS6326 4MB AGP graphics card",1900,1910,"Video and Other Add-in cards (AGP, TV, HD, etc)"
1900,"AGP graphics card",,,
1900,"PINE XP-2800 SIS305 32MB 4X SGP card",,,
1900,"Asus My Cinema P7131",,,
1900,"Hauppage WinTV-HVR-1110 TV Tuner Card",,,
1900,"Hauppage PVR-150 TV Tuner LowProfile",,,
1900,"Elsa Synergy video adapter",,,
1900,"AOPEN PA45 SIS6236 4M 2x AGP card",,,
1900,"Generic video adapter",,,
1900,"Asus V9290 GeForce4 Ti 4200-8x AGP 128MB DDR Video",,,
1900,"HDTV HD-5500 TV Tuner Card",,,
1900,"1.6 GHz Intel Atom 230 533 MHz FSB CPU",,,
1901,"NVIDIA Quadro 4 980 XGL AGP 8x 128MB DDR",,,
1901,"NVIDIA GeForce 9800GT 1GB video card",,,
1901,"NVIDIA GeForce 7200GS 256MB DVI/HDTV video card",,,
1901,"NVIDIA GeForce 8800GT 512MB  2DVI/HDTV video card",,,
1901,"2 x NVIDIA GeForce GTX280 1GB 2DVI/HDCP cards",,,
1901,"NVIDIA GeForce 9600GSO 512KB video card",,,
1901,"NIVIDIA GeForce 9600GT 512KB video card",,,
1901,"NVIDIA 8500GT 512MB video card",,,
1901,"2 x NVIDIA GeForce 8800GT 1GB 2DVI/HDTV cards",,,
1901,"Quadro FX3400 256MB PCI-Express Video Card",,,
1901,"2 x NVIDIA GeForce 9800GT 1GB video cards",,,
1901,"NVIDIA GeForce 9800GTX 512MB OC 2DVI/HDTV video",,,
1901,"NVIDIA GeForce 7600GT 512MB  DVI/HDTV video card",,,
1901,"NVIDIA Quadro 4 750 XGL AGP4x 128MB DDR",,,
1901,"NVIDIA GeForce 9400GT 512KB video card",,,
1901,"GeForce FX 5950 video card",,,
1901,"NVIDIA GeForce 8800GT 1GB 2DVI/HDTV video card",,,
1901,"Quadro FX1500 256MB PCI-Express Video card",,,
1901,"NVIDIA GeForce 9500GT 512MB 2DVI/HDTV video card",,,
1901,"2 x NVIDIA GeForce 8800GT 512MB 2DVI/HDTV cards",,,
1901,"Quadro FX 1000 video card",,,
1901,"NVIDIA GeForce 8400GS 512Mb  LowProfile video card",,,
1901,"2 x NVIDIA GeForce 9800GTX 512MB 2DVI/HDTV cards",,,
1901,"NVIDIA GeForce 8400GS 512MB DVI video card LP",,,
1901,"NVIDIA GeForce GTX285 1GB 2DVI-I/DHCP TV-out SLI",,,
1901,"NVIDIA Quadro NVS 440 4-port Video Card",,,
1901,"NVIDIA GeForce 9800GT 512KB 2 x DVI video card",,,
1901,"2 x NVIDIA GeForce GTX285 1GB 2DVI-I/DHCP cards",,,
1901,"NVIDIA GeForce GTX280 1GB 2DVI/HDCP TV-out SLI",,,
1901,"NVIDIA 7300SE Graphics card for dual monitor setup",,,
1904,"ATI Rage 128 graphics card",,,
1905,"NVIDIA GeForce 6200LE 512MB DVI-D video card",,,
1906,"ATI Radeon 9250 AGP 128 MB DDR TV-in&out,DVI",,,
1907,"ATI TV Wonder 650 HDTV PCI TV Tuner",,,
1908,"GeForce MX MX4000 128MB TV-out Dual Head PCI Video",,,
1908,"ATI Radeon 8500 AGP graphics card",,,
1909,"Matrox Millennium G550 graphics card",,,
1920,"Sound Blaster Audigy SE",1920,1999,"Sound cards, ProAudio add-ons and USB & Firewire peripherals"
1922,"None (use an ALSA-compatible sound card)",,,
1922,"PreSonus Firepod FP10 Firewire interface",,,
1922,"Sound Blaster Audigy Platinum EX ",,,
1922,"M-Audio Delta 1010LT mobile recording PCI ",,,
1922,"M-Audio Audiophile2496 4-In/4-Out 24-bit/96kHz PCI",,,
1922,"M-Audio Mobile Pre USB interface",,,
1922,"M-Audio Transit mobile 24-bit/96kHz USB",,,
1922,"M-Audio Audiophile192 High-Def 24-bit/192kHz PCI ",,,
1922,"RME HDSP 9632 32 ch 24 Bit/192kHz MIDI Audio Card",,,
1922,"M-Audio 24/96 PCI Sound Card",,,
1922,"M-Audio Delta 1010  recording PCI/Rack",,,
1922,"M-Audio Delta 66 6-In/6-Out 24-bit/96kHz PCI",,,
1922,"M-Audio Delta 44 Pro 4-In/4-Out 24-bit/96kHz PCI",,,
1923,"Behringer BCF2000-WH USB/MIDI controller  (WHITE)",,,
1923,"Sound Blaster Audigy 4 Pro 7.1 PCI",,,
1923,"Behringer UCG 102 Guitar interface USB",,,
1923,"Behringer UCA 202 Ultra 2 In/2 Out USB interface",,,
1923,"Behringer BCF2000 USB/MIDI controller w/8 Faders",,,
1924,"Tascam PCI822 audio midi PCI (win)",,,
1924,"Sound Blaster X-Fi Xtreme Audio",,,
1925,"Auzentech X-Plosion 7.1 DTS Connect Sound Card",,,
1925,"Auzentech X-Mystique 7.1 Gold Sound PCI Card",,,
2000,"3ware Escalade 7850 8 port RAID card",2000,2500,"3Ware Raid Cards"
2000,"3ware Escalade 7006 2 port RAID card",,,
2000,"3ware Escalade 8506 2 port RAID card",,,
2000,"3ware Escalade 7506 8 port RAID card",,,
2000,"3ware Escalade 7410 4 port RAID card",,,
2000,"3ware Escalade 8506 4 port RAID card",,,
2000,"3ware Escalade 7506 4 port RAID card",,,
2000,"3ware Escalade 8506 8 port RAID card",,,
2000,"3ware Escalade 7810 8 port RAID card",,,
2600,"Laptop Mini PCI modem ",2600,2600,"Laptop Modems"
2600,"Laptop Modem / Wireless Combo",,,
2601,"Low Profile Firewire PCI card",2601,2649,"Firewire addons"
2601,"Firewire PCI card",,,
2650,"IPMI Module",2650,2699,"IPMI Cards & Accessories"
3000,"none (JBOD)",3000,3050,"RAID Options"
3001,"rsync (JBOD)",,,
3002,"software RAID 1 mirroring - Linux only",,,
3003,"software RAID 10 mirroring & striping - Linux only",,,
3004,"software RAID 5 striped with parity - Linux only",,,
3006,"software RAID 0 striping- Linux only",,,
3010,"RAID 0 (striping)",,,
3011,"RAID 1 (mirroring)",,,
3012,"RAID 10 (mirroring and striping)",,,
3013,"RAID 5 (striped with parity)",,,
3014,"RAID 6 (striped with dual parity)",,,
3053,"3ware 9650SE 4-port RAID PCI-E w/riser",3051,3999,"More Raid Cards"
3053,"3ware 9650SE 2-port RAID LP PCI-E",,,
3054,"3ware 9550SXU 4-port RAID LP PCI-X",,,
3054,"3ware 9650SE 4-port RAID LP PCI-E",,,
3055,"LSI Logic MegaRAID SATA II 8204ELP 4-Port ",,,
3057,"LSI Logic SATA II RAID Controller 6-port",,,
3059,"3ware 9550SXU 8-port RAID LP PCI-X",,,
3060,"3ware 9650SE 8-port RAID LP PCI-E",,,
3061,"3ware 9550SXU 12-port RAID SGL PCI-X",,,
3062,"3ware 9650SE 12-port RAID ML PCI-E",,,
3064,"3ware 9650SE 16-port RAID ML PCI-E",,,
3065,"3ware 9650SE 24-port RAID ML PCI-E ",,,
3066,"3ware RAID card Battery Backup option ",,,
3078,"3ware 9690 RAID 4 ports SAS/SATA2 LP PCI-E ",,,
3079,"3ware 9690 RAID 8 ports SAS/SATA2 LP PCI-E",,,
3080,"LSI Logic SA3041E-R 4-port 3Gb/s SAS RAID Adapter",,,
4010,"64 Studio v2.0 64bit Debian GNU/Linux",4000,4049,"Studio Operating Systems"
4010,"Ubuntu Studio 9.04",,,
4010,"64 Studio v2.0 32bit Debian GNU/Linux",,,
4050,"Linux-native KVM (Kernel-based Virtual Machine)",4050,4099,"Virtualization Options"
4051,"Open Source VMWare ",,,
4100,"Zimbra Network Edition Trial",4100,4199,"Software Options"
4100,"Zimbra Open Source Edition",,,
4100,"KDE v2.2",,,
4100,"none (Windows)",,,
4100,"KDE ",,,
4100,"GNOME",,,
4100,"Ximian Desktop",,,
4100,"XFCE",,,
4100,"WindowMaker",,,
4100,"Zimbra Desktop",,,
4200,"Other (enter choice in ""Notes"" field.)",4200,4299,"Mail Software Options"
4200,"qmail",,,
4200,"Exim",,,
4200,"Postfix",,,
4200,"OpenBSD's sendmail",,,
4500,"MySQL ",4500,4599,"Database Software Options"
4501,"Firebird ",,,
4502,"PostgreSQL",,,
4948,"512 GB Flash Media SATA II 2.5"" SSD",4900,4999,"SSD Flash Media"
4949,"256 GB Flash Media SATA II 2.5"" SSD",,,
4950,"128 GB Flash Media SATA II 2.5"" SSD",,,
4951,"64 GB Flash Media SATA II 2.5"" SSD",,,
4952,"32 GB Flash Media SATA II 2.5"" SSD",,,
4953,"16 GB Flash Media SATA II 2.5"" SSD",,,
5000,"6 GB Hard Drive",5000,6999,"Hard Drives"
5100,"80 GB SATA II Hard Drive",,,
5101,"120 GB SATA II Hard Drive",,,
5102,"160 GB SATA II Hard Drive",,,
5103,"200 GB SATA II Hard Drive",,,
5104,"250 GB SATA II Hard Drive",,,
5105,"320 GB SATA II Hard Drive",,,
5106,"400 GB SATA II Hard Drive",,,
5107,"500 GB SATA II Hard Drive",,,
5108,"640 GB SATA II Hard Drive",,,
5109,"750 GB SATA II Hard Drive",,,
5110,"1 TB SATA II Hard Drive",,,
5112,"1.5 TB  SATA II Hard Drive",,,
5113,"2 TB SATA II Hard Drive",,,
5200,"80GB SATA Hard Drive",,,
5201,"120GB ATA Hard Drive",,,
5202,"160GB SATA Hard Drive",,,
5203,"200GB ATA Hard Drive",,,
5204,"250GB SATA Hard Drive",,,
5205,"320GB SATA Hard Drive",,,
5206,"400GB SATA Hard Drive",,,
5207,"500GB SATA Hard Drive",,,
5208,"750GB SATA Hard Drive",,,
5209,"1 TB SATA Hard Drive",,,
5211,"2 x 120 GB SATA HDs",,,
5212,"2 x 200GB ATA HDs",,,
5212,"2 x 160 GB SATA HDs",,,
5213,"2 x 250 GB SATA HDs",,,
5214,"2 x 320 GB SATA HDs",,,
5215,"2 x 400 GB SATA HDs",,,
5216,"2 x 500 GB SATA HDs",,,
5217,"2 x 750 GB SATA HDs",,,
5250,"4 x 120GB ATA HDs",,,
5251,"4 x 160 GB SATA II HDs",,,
5252,"4 x 200GB ATA HDs",,,
5253,"4 x 250 GB SATA II HDs",,,
5254,"4 x 320 GB SATA II HDs",,,
5255,"4 x 400 GB SATA II HDs",,,
5256,"4 x 500 GB SATA II HDs",,,
5257,"4 x 750 GB SATA II HDs",,,
5258,"4 x 1 TB SATA II HDs",,,
5259,"4 x 1.5 TB SATA II HDs",,,
5260,"4 x 2 TB SATA II HDs",,,
5260,"6 x 160 GB SATA II HDs",,,
5261,"6 x 250 GB SATA II HDs",,,
5262,"6 x 320 GB SATA II HDs",,,
5263,"6 x 400 GB SATA II HDs",,,
5264,"6 x 500 GB SATA II HDs",,,
5265,"6 x 750 GB SATA II HDs",,,
5266,"6 x 1 TB SATA II HDs",,,
5267,"6 x 1.5 TB SATA II HDs",,,
5268,"6 x 2 TB SATA II HDs",,,
5270,"8 x 120GB ATA HDs",,,
5271,"8 x 160 GB SATA II HDs",,,
5272,"8 x 200GB ATA HDs",,,
5273,"8 x 250 GB SATA II HDs",,,
5274,"8 x 320 GB SATA II HDs",,,
5275,"8 x 400 GB SATA II HDs",,,
5276,"8 x 500 GB SATA II HDs",,,
5277,"8 x 750 GB SATA II HDs",,,
5278,"8 x 1 TB SATA II HDs",,,
5279,"8 x 1.5 TB SATA II HDs",,,
5280,"8 x 2 TB SATA II HDs",,,
5301,"12 x 120GB ATA HDs",,,
5302,"12 x 160 GB SATA II HDs",,,
5303,"12 x 200GB ATA HDs",,,
5304,"12 x 250 GB SATA II HDs",,,
5305,"12 x 320 GB SATA II HDs",,,
5306,"12 x 400 GB SATA II HDs",,,
5307,"12 x 500 GB SATA II HDs",,,
5308,"12 x 750 GB SATA II HDs",,,
5309,"12 x 1 TB SATA II HDs",,,
5310,"16 x 120GB ATA HDs",,,
5310,"12 x 1.5 TB SATA II HDs",,,
5311,"12 x 2 TB SATA II HDs",,,
5311,"16 x 160 GB SATA II HDs",,,
5312,"16 x 200GB ATA HDs",,,
5313,"16 x 250 GB SATA II HDs",,,
5314,"16 x 320 GB SATA II HDs",,,
5315,"16 x 400 GB SATA II HDs",,,
5316,"16 x 500 GB SATA II HDs",,,
5317,"16 x 750 GB SATA II HDs",,,
5318,"16 x 1 TB SATA II HDs",,,
5319,"16 x 1.5 TB SATA II HDs",,,
5320,"16 x 2 TB SATA II HDs",,,
5321,"20GB 2.5"" 4200rpm HD",,,
5322,"30GB 2.5"" 4200rpm HD",,,
5323,"40GB 2.5"" 4200rpm HD",,,
5324,"60GB 2.5"" 4200rpm HD ",,,
5325,"80GB 2.5"" 4200rpm HD",,,
5402,"24 x 160 GB SATA II HDs",,,
5406,"24 x 250 GB SATA II HDs",,,
5407,"24 x 320 GB SATA II HDs ",,,
5407,"24 x 500 GB SATA II HDs",,,
5408,"24 x 750 GB SATA II HDs",,,
5409,"24 x 1 TB SATA II HDs",,,
5410,"24 x 1.5 TB SATA II HDs",,,
5411,"24 x 2 TB SATA II HDs",,,
5440,"60GB 2.5in 5400rpm SATA HARD DRIVE",,,
5441,"80GB 2.5in 5400rpm SATA HARD DRIVE",,,
5442,"120GB 2.5in 5400rpm SATA2 HARD DRIVE",,,
5443,"160GB 2.5in 5400rpm SATA2 HARD DRIVE",,,
5444,"500GB 2.5in 5400rpm SATA2 HARD DRIVE",,,
5445,"250GB 2.5in 5400rpm SATA2 HARD DRIVE",,,
5446,"320GB 2.5in 5400rpm SATA2 HARD DRIVE",,,
5447,"160GB 2.5in 5400rpm SATA HARD DRIVE (default)",,,
5448,"120GB 2.5in 5400rpm SATA HARD DRIVE (default)",,,
5512,"20GB 5400rpm Hard Drive",,,
5513,"30GB 5400prm Hard Drive",,,
5514,"40GB 5400rpm Hard Drive",,,
5516,"60GB 5400rpm Hard Drive",,,
5518,"80GB low noise Hard Drive",,,
5519,"160GB Maxtor 5400rpm Hard Drive",,,
5522,"20GB 7200rpm IDE Hard Drive",,,
5523,"30GB 7200rpm IDE Hard Drive",,,
5524,"40GB 7200rpm IDE Hard Drive",,,
5528,"80GB 7200rpm IDE Hard Drive",,,
5530,"120GB 7200rpm IDE Hard Drive",,,
5531,"160GB 7200rpm IDE Hard Drive",,,
5533,"200GB 7200rpm IDE Hard Drive",,,
5534,"250GB 7200rpm IDE Hard Drive",,,
5535,"300GB 7200rpm IDE Hard Drive",,,
5537,"500GB 7200rpm IDE Hard Drive",,,
5538,"750GB 7200rpm IDE Hard Drive",,,
5541,"8 x 120GB 7200rpm IDE HDs",,,
5542,"8 x 160GB 7200rpm IDE HDs",,,
5544,"8 x 200GB 7200rpm IDE HDs",,,
5545,"8 x 250GB 7200rpm IDE HDs",,,
5546,"8 x 300GB 7200rpm IDE HDs",,,
5547,"8 x 500GB 7200rpm IDE HDs",,,
5548,"8 x 750GB 7200rpm IDE HDs",,,
5550,"16 x 160GB Maxtor 5400rpm HDs",,,
5550,"16 x 120GB WD 5400rpm HDs",,,
5550,"16 x 120GB WD SE Caviar 7200rpm HDs",,,
5551,"16 x 120GB WD 7200rpm IDE HDs",,,
5552,"16 x 160GB 7200rpm IDE HDs",,,
5553,"16 x 200GB 7200rpm IDE HDs",,,
5554,"16 x 250GB 7200rpm IDE HDs",,,
5555,"16 x 300GB 7200rpm IDE HDs",,,
5556,"16 x 500GB 7200rpm IDE HDs",,,
5557,"16 x 750GB 7200rpm IDE HDs",,,
5750,"18.4 GB 7200rpm SCSI HD",,,
5751,"36 GB  7200rpm SCSI HD",,,
5752,"73.4 GB 7200rpm SCSI HD",,,
5753,"181 GB 7200rpm SCSI HD (Requires 2U)",,,
5753,"181 GB Barracuda 7200rpm SCSI HD",,,
5760,"18.4 GB 10Krpm SCSI HD",,,
5761,"36 GB 10Krpm SCSI HD",,,
5761,"36.7GB 10Krpm Atlas III Ultra320 SCSI HD",,,
5762,"73.4 GB 10Krpm SCSI Ultra 320-68 Pin HD",,,
5763,"146 GB 10Krpm SCSI Ultra 320-68 Pin HD",,,
5770,"18.3 GB 15Krpm SCSI  HD",,,
5771,"37 GB 15Krpm SCSI Ultra 320-68 Pin HD",,,
5772,"73.4 GB 15Krpm SCSI Ultra 320-68 Pin HD",,,
5773,"146 GB 15Krpm SCSI Ultra 320-68 Pin HD",,,
5780,"146.8 GB IBM (Hitachi) SCSI HD",,,
5781,"18.3 GB IBM  (Hitachi) SCSI HD",,,
5782,"36.4 GB IBM  (Hitachi) SCSI HD",,,
5783,"73.4 GB IBM (Hitachi) SCSI HD",,,
5800,"300GB WD SATA II Raptor 10K rpm 16MB",,,
5801,"74GB WD SATA Raptor 16mb",,,
5802,"150GB WD SATA II Raptor 10K rpm 16MB",,,
5850,"40GB Maxtor DiamondMax Plus 8 7200rpm HD",,,
5851,"2 x 80GB IDE/ATA Hard Drives ",,,
5852,"2 x 120GB IDE/ATA Hard Drives ",,,
5853,"2 x 160GB IDE/ATA Hard Drives",,,
5854,"2 x 200GB IDE/ATA Hard Drives",,,
5855,"2 x 250GB IDE/ATA Hard Drives ",,,
5856,"2 x 300GB IDE/ATA Hard Drives",,,
5857,"2 x 160 GB SATA II HDs",,,
5858,"2 x 250 GB SATA II HDs",,,
5859,"2 x 320 GB SATA II HDs",,,
5859,"2 x 500GB IDE/ATA Hard Drives",,,
5860,"2 x 500 GB SATA II HDs",,,
5860,"2 x 400GB IDE/ATA Hard Drives",,,
5861,"2 x 750GB IDE/ATA Hard Drives",,,
5861,"2 x 750 GB SATA II HDs",,,
5862,"2 x 1 TB SATA II HDs",,,
5863,"2 x 1.5 TB SATA II HDs",,,
5864,"2 x 2 TB SATA II HDs",,,
5999,"SAS 36GB 16mb 15K Hard Drive",,,
6000,"SAS U-300 73GB 16MB 15K Hard Drive",,,
6000,"Sans Digital MobileSTOR MS1CT USB",,,
6000,"3-port Firewire PCI card",,,
6001,"1TB Sans Digital MobilSTOR MS1CT USB ",,,
6001,"SAS 73GB 16mb 15K Hard Drive",,,
6001,"3-port USB PCI card",,,
6001,"Sans Digital MobileSTOR MS2UT USB",,,
6002,"SAS U-300 146GB  16MB 15K Hard Drive",,,
6002,"2TB Sans Digital MobilSTOR MS2UT USB",,,
6002,"Sans Digital MobileNAS MN4L+ USB",,,
6003,"4TB Sans Digital MobilSTOR TR4X USB",,,
6003,"SAS 147GB  16mb 15K Hard Drive",,,
6003,"SAS U-300 300GB 16MB 15K Hard Drive",,,
6003,"Sans Digital TowerRAID TR4X USB",,,
6003,"Sans Digital TowerRAID TR4X FIrewire",,,
6004,"2-port eSATA PCI card",,,
6004,"Sans Digital TowerRAID TR5M USB",,,
6004,"SAS 500GB 16mb 7200 Hard Drive",,,
6005,"SAS 750 GB 16mb 7200 Hard Drive",,,
6005,"Sans Digital TowerRAID TR8X USB",,,
6005,"2-port eSATA RAID PCI card",,,
6006,"SAS 1 TB 16mb 7200 Hard Drive",,,
6099,"4 x SAS 36GB 16mb 15K Hard Drive",,,
6100,"4 x SAS U-300 73GB 16MB 15K Hard Drives",,,
6101,"4 x SAS 73GB 16mb 15K Hard Drives ",,,
6102,"4 x SAS U-300 146GB 16MB 15K Hard Drives ",,,
6103,"4 x SAS U-300 300GB 16MB 15K Hard Drives",,,
6103,"4 x SAS 147GB  16mb 15K Hard Drive",,,
6104,"4 x SAS 500 GB 16mb 7200 Hard Drive",,,
6105,"4 x SAS 1.0 TB 16mb 7200 Hard Drive",,,
6204,"6 x SAS 36GB 16mb 15K Hard Drive",,,
6205,"6 x SAS U-300 73GB 16MB 15K Hard Drives",,,
6206,"6 x SAS 73GB 16mb 15K Hard Drive",,,
6207,"6 x SAS U-300 146GB 16MB 15K Hard Drives",,,
6208,"6 x SAS U-300 300GB 16MB 15K Hard Drives",,,
6208,"6 x SAS 147GB  16mb 15K Hard Drive",,,
6209,"6 x SAS 500GB 16mb 7200 Hard Drive",,,
6210,"6 x SAS 750 GB 16mb 7200 Hard Drive",,,
6212,"6 x SAS 1 TB 16mb 7200 Hard Drive",,,
9001,"Standard 1yr full /3yr limited warranty",9000,9099,"Warranties"
9002,"Extended 2yr full / 3yr limited warranty",,,
9003,"Premium full 3yr warranty",,,
9004,"Demo / Overstock 90 day warranty",,,
20000,"The FreeBSD Foundation",20000,20999,"Donation Targets"
20000,"Electronic Frontier Foundation",,,
20000,"The OpenBSD Project",,,
20000,"The OpenSSH Project",,,
20000,"64 Studio Project",,,
20000,"Other Open Source Project (please state in Notes)",,,
20000,"Ubuntu Studio Project",,,
21000,"No donation",21000,21999,"Donation Amounts"
21005,$5.00,,,
21010,$10.00,,,
21025,$25.00,,,
21050,$50.00,,,
21075,$75.00,,,
21100,$100.00,,,
50001,"5 pack support incidents, good for one year",50000,50999,"Support options"
50002,"10 pack support incidents, good for one year",,,
50003,"15 pack support incidents, good for one year",,,
50004,"10 pack support incidents, good for one year",,,
50010,"2 hrs configuration and tech support",,,
50012,"4 hrs configuration and tech support ",,,
605000,"Tablet Notebook Toshiba Portege M400 ",605000,605099,"Tablet Computers and Options"
605010,"Monitor resolution 1024 x 768",,,
605011,"Monitor resolution 1400 x 1050",,,
605013,"Core 2 Duo T5600 1.83GHz CPU ",,,
605014,"Core 2 Duo T7200 2.06GHz CPU",,,
605015,"Core 2 Duo T7400 2.16GHz CPU",,,
605019,"100GB SATA 5400rpm Hard Drive 9.5mm height",,,
605020,"80GB SATA 7200rpm Hard Drive 9.5mm height ",,,
605021,"120GB SATA 5400rpm Hard Drive 9.5mm height ",,,
605022,"100GB SATA 7200rpm Hard Drive 9.5mm height",,,
995402,"2GB 5400rpm Hard Drive",995000,995600,"Misc Hard Drives"
995411,"10GB 5400rpm Hard Drive",,,
995526,"60GB 7200rpm Hard Drive",,,
995527,"75GB 7200rpm Hard Drive",,,
,"
",,,
,,,,
,"RAZER Barracuda HP-1 sound card",,,"Null Sort Order"
,"i7 Extreme EVGA Intel X58 Chipset motherboard",,,
,"CDRW/DVD",,,
